[{"model": "accounts.user", "pk": 1, "fields": {"password": "pbkdf2_sha256$1200000$VkMKfJxxTMTwxEKtGFwSK3$kPbBoPFHkecxg7XBUzq7PoB9YYdxG27iAepwoK9TLKI=", "last_login": null, "is_superuser": true, "username": "Seidra", "first_name": "", "last_name": "", "is_staff": true, "is_active": true, "date_joined": "2026-03-07T14:21:54.069Z", "email": "sedra3174@gmail.com", "role": "", "is_verified": false, "groups": [], "user_permissions": []}}, {"model": "accounts.user", "pk": 2, "fields": {"password": "pbkdf2_sha256$1200000$HfdgFRC5F7JO5FlQrD35m9$toTei+9lragAFhp7/8HGUQYRjJG1RZ5vHIecQHQku8w=", "last_login": "2026-03-08T12:10:52.659Z", "is_superuser": true, "username": "shahd", "first_name": "", "last_name": "", "is_staff": true, "is_active": true, "date_joined": "2026-03-08T12:05:12.632Z", "email": "shahdibaheem39@gmail.com", "role": "", "is_verified": false, "groups": [], "user_permissions": []}}, {"model": "accounts.user", "pk": 12, "fields": {"password": "pbkdf2_sha256$1200000$RoTlP178dXVDispMg488fu$cvs3cJrkHDFNwYLlSpovHHyohyytH/I59Qb+hj/dsUA=", "last_login": null, "is_superuser": false, "username": "sedrazedan2@gmail.com", "first_name": "", "last_name": "", "is_staff": false, "is_active": true, "date_joined": "2026-03-31T23:04:44.393Z", "email": "sedrazedan2@gmail.com", "role": "volunteer", "is_verified": false, "groups": [], "user_permissions": []}}, {"model": "accounts.user", "pk": 13, "fields": {"password": "pbkdf2_sha256$1200000$BvzOtB48o63sCKtDNjgSxo$TrgjijQlwM3tI3T907aLXtW9/9KbqxHQ7u5nx7TjgAg=", "last_login": null, "is_superuser": false, "username": "shahdibraheem39@gmail.com", "first_name": "", "last_name": "", "is_staff": false, "is_active": true, "date_joined": "2026-03-31T23:09:29.956Z", "email": "shahdibraheem39@gmail.com", "role": "volunteer", "is_verified": false, "groups": [], "user_permissions": []}}, {"model": "accounts.user", "pk": 14, "fields": {"password": "pbkdf2_sha256$1200000$8td233y1Qp5aPDZ2GpEdM2$7O/H8cDFyeYaUpIloXlxY5y5o4I8zbvt0uOhP17PXu8=", "last_login": null, "is_superuser": false, "username": "miraydaher251@gmail.com", "first_name": "", "last_name": "", "is_staff": false, "is_active": true, "date_joined": "2026-03-31T23:11:50.768Z", "email": "miraydaher251@gmail.com", "role": "volunteer", "is_verified": false, "groups": [], "user_permissions": []}}, {"model": "accounts.user", "pk": 15, "fields": {"password": "pbkdf2_sha256$1200000$aM2Y83P6XReIkV449Fp221$+3MRbKKyMM973+nI05ooK17lFv9B3ffupJ7PmmzouuA=", "last_login": null, "is_superuser": false, "username": "ali@gmail.com", "first_name": "", "last_name": "", "is_staff": false, "is_active": true, "date_joined": "2026-04-03T20:53:36.848Z", "email": "ali@gmail.com", "role": "refugee", "is_verified": false, "groups": [], "user_permissions": []}}, {"model": "accounts.user", "pk": 16, "fields": {"password": "pbkdf2_sha256$1200000$lbmtzrMhqMnqeb46VMJLNV$QhKWd5xz1f3HjBKmd195gSUOzpvNkF0pJfbj7YiU7ds=", "last_login": null, "is_superuser": false, "username": "aliaa@gmail.com", "first_name": "", "last_name": "", "is_staff": false, "is_active": true, "date_joined": "2026-04-03T21:14:49.714Z", "email": "aliaa@gmail.com", "role": "refugee", "is_verified": false, "groups": [], "user_permissions": []}}, {"model": "accounts.user", "pk": 17, "fields": {"password": "pbkdf2_sha256$1200000$cq2NEUKvDzx6BQUdhgnNNT$5VzKwB4/iQp4LdsjNxUZt8zEBhpXze7uAJVGSfa3nx8=", "last_login": null, "is_superuser": false, "username": "shadi@gmail.com", "first_name": "", "last_name": "", "is_staff": false, "is_active": true, "date_joined": "2026-04-03T21:26:27.812Z", "email": "shadi@gmail.com", "role": "refugee", "is_verified": false, "groups": [], "user_permissions": []}}, {"model": "accounts.user", "pk": 18, "fields": {"password": "pbkdf2_sha256$1200000$f7CuGGY4iEMwG6agAzZSBW$F0FrzhSPUayLvsnmk7DKdLa9nanaJ9AjPJmEcYpz9f4=", "last_login": null, "is_superuser": false, "username": "un@gmail.com", "first_name": "", "last_name": "", "is_staff": false, "is_active": true, "date_joined": "2026-04-05T00:28:53.261Z", "email": "un@gmail.com", "role": "organization", "is_verified": true, "groups": [], "user_permissions": []}}, {"model": "accounts.user", "pk": 19, "fields": {"password": "pbkdf2_sha256$1200000$grKZNpiBImChvyXwl8gIaN$+LxUzEZzevy5/Jg4UtvdpfQIG0ce+ikkWJiI/opks+s=", "last_login": null, "is_superuser": false, "username": "sos@gmail.com", "first_name": "", "last_name": "", "is_staff": false, "is_active": true, "date_joined": "2026-04-05T00:28:53.725Z", "email": "sos@gmail.com", "role": "organization", "is_verified": true, "groups": [], "user_permissions": []}}, {"model": "accounts.user", "pk": 20, "fields": {"password": "pbkdf2_sha256$1200000$7yiVr2sgMUAPsMmajwnlDx$LXJapXh8bGw50Fb/hezV5D/X3Q3p1lbn3DX9eTGx8FU=", "last_login": null, "is_superuser": false, "username": "wfb@gmail.com", "first_name": "", "last_name": "", "is_staff": false, "is_active": true, "date_joined": "2026-04-05T00:28:54.185Z", "email": "wfb@gmail.com", "role": "organization", "is_verified": true, "groups": [], "user_permissions": []}}, {"model": "accounts.user", "pk": 21, "fields": {"password": "pbkdf2_sha256$1200000$ZXOa53hFpCGOzsmwlmqauV$NYWVXFolfjvEKfGnCZ568JA/0qfUtXKi2h72KXQPgtg=", "last_login": null, "is_superuser": false, "username": "uvh@gmail.com", "first_name": "", "last_name": "", "is_staff": false, "is_active": true, "date_joined": "2026-04-05T00:28:54.643Z", "email": "uvh@gmail.com", "role": "organization", "is_verified": true, "groups": [], "user_permissions": []}}, {"model": "accounts.user", "pk": 22, "fields": {"password": "pbkdf2_sha256$1200000$R1LtChdyoYZZNoz5Chbo4f$Zn5CDZWjq0t/yX2Rg9nFtxyTvFazDxwI7SSXcExdEbc=", "last_login": null, "is_superuser": false, "username": "who@gmail.com", "first_name": "", "last_name": "", "is_staff": false, "is_active": true, "date_joined": "2026-04-05T00:28:55.106Z", "email": "who@gmail.com", "role": "organization", "is_verified": true, "groups": [], "user_permissions": []}}, {"model": "accounts.user", "pk": 23, "fields": {"password": "pbkdf2_sha256$1200000$11NBUn5Uu85akVuGwMwuzs$qzdfD+1FryB+OSKNeysa+oN8Dk1I6OuElZouUQ7xVoE=", "last_login": null, "is_superuser": false, "username": "red@gmail.com", "first_name": "", "last_name": "", "is_staff": false, "is_active": true, "date_joined": "2026-04-05T00:28:55.569Z", "email": "red@gmail.com", "role": "organization", "is_verified": true, "groups": [], "user_permissions": []}}, {"model": "accounts.refugeeprofile", "pk": 6, "fields": {"user": 15, "full_name": "", "phone_number": "", "gender": "", "date_of_birth": null, "location": "", "sector_name": null, "profile_image": null, "consent_given": false, "created_at": "2026-04-03T20:53:37.693Z", "updated_at": "2026-04-03T20:53:37.693Z", "profile_completed": false}}, {"model": "accounts.refugeeprofile", "pk": 7, "fields": {"user": 16, "full_name": "", "phone_number": "", "gender": "", "date_of_birth": null, "location": "", "sector_name": null, "profile_image": null, "consent_given": false, "created_at": "2026-04-03T21:14:50.548Z", "updated_at": "2026-04-03T21:14:50.548Z", "profile_completed": false}}, {"model": "accounts.refugeeprofile", "pk": 8, "fields": {"user": 17, "full_name": "aliaa asssad", "phone_number": "093746480", "gender": "", "date_of_birth": null, "location": "", "sector_name": null, "profile_image": null, "consent_given": false, "created_at": "2026-04-03T21:26:28.637Z", "updated_at": "2026-04-03T21:26:28.640Z", "profile_completed": false}}, {"model": "accounts.volunteerprofile", "pk": 5, "fields": {"user": 12, "full_name": "hanan azizi", "verification_pin": "749181", "pin_expires_at": "2026-04-02T23:34:56.128Z", "organization": null, "phone_number": "0999999999", "gender": "female", "date_of_birth": "1990-05-20", "nationality": "French", "id_number": "1234567890", "current_city": "Paris", "education_level": "Bachelor", "languages": ["English", "French"], "previous_experience": "Volunteered in local shelters", "skills": ["First aid", "Serving food", "Teaching"], "availability_shift": "afternoon", "available_days": ["monday", "friday"], "start_date": "2026-03-25", "expected_duration": "6 months", "points": 0, "profile_image": null, "qr_code": "@hananazizi|3763dbd2", "created_at": "2026-03-31T23:04:45.229Z", "updated_at": "2026-04-02T23:34:08.928Z", "profile_completed": true}}, {"model": "accounts.volunteerprofile", "pk": 6, "fields": {"user": 13, "full_name": "", "verification_pin": null, "pin_expires_at": null, "organization": null, "phone_number": "", "gender": "", "date_of_birth": null, "nationality": "", "id_number": "", "current_city": "", "education_level": "", "languages": [], "previous_experience": null, "skills": [], "availability_shift": "", "available_days": [], "start_date": null, "expected_duration": "", "points": 0, "profile_image": null, "qr_code": null, "created_at": "2026-03-31T23:09:30.895Z", "updated_at": "2026-03-31T23:09:30.895Z", "profile_completed": false}}, {"model": "accounts.volunteerprofile", "pk": 7, "fields": {"user": 14, "full_name": "", "verification_pin": null, "pin_expires_at": null, "organization": null, "phone_number": "", "gender": "", "date_of_birth": null, "nationality": "", "id_number": "", "current_city": "", "education_level": "", "languages": [], "previous_experience": null, "skills": [], "availability_shift": "", "available_days": [], "start_date": null, "expected_duration": "", "points": 0, "profile_image": null, "qr_code": null, "created_at": "2026-03-31T23:11:51.750Z", "updated_at": "2026-03-31T23:11:51.750Z", "profile_completed": false}}, {"model": "accounts.familycategory", "pk": 1, "fields": {"name": "Children"}}, {"model": "accounts.familycategory", "pk": 2, "fields": {"name": "Women"}}, {"model": "accounts.familycategory", "pk": 3, "fields": {"name": "Elderly"}}, {"model": "accounts.familycategory", "pk": 4, "fields": {"name": "With disabilities"}}, {"model": "accounts.volunteerapplication", "pk": 1, "fields": {"user": 12, "organization": 1, "phone_number": "0999999999", "why_volunteer": "I want to help people and gain experience.", "i_commit": true, "i_agree_terms": true, "status": "pending", "is_verified": false, "created_at": "2026-04-10T22:46:04.757Z", "processed_at": null, "selected_services": [1, 3]}}, {"model": "organizations.organization", "pk": 1, "fields": {"name": "UNICEF", "logo": "organizations/logos/DIV.png", "user": 18, "title": "Global Aid Organization", "about": "UNICEF works in over 190 countries and territories to save children's lives, to defend their rights, and to help them fulfill their potential, from early childhood through adolescence. We work tirelessly to reach the world's most vulnerable and marginalized children.", "official_website": "https://www.unicef.org", "contact_email": "un@gmail.com", "impact_image1": "organizations/impact/gettyimages-672652-1024x1024_1.png", "impact_image2": "organizations/impact/UNI456462_0_1.png", "created_at": "2026-03-08T13:16:15.443Z", "updated_at": "2026-04-09T22:22:17.865Z"}}, {"model": "organizations.organization", "pk": 2, "fields": {"name": "INTERSOS", "logo": "organizations/logos/DIV2.png", "user": 19, "title": "Humanitarian Aid Organization", "about": "INTERSOS provides urgent humanitarian assistance, including healthcare support, protection services, and essential aid for displaced individuals and vulnerable communities. We work tirelessly to reach the world's most vulnerable populations affected by conflict and disaster.", "official_website": "https://www.intersos.org", "contact_email": "sos@gmail.com", "impact_image1": "organizations/impact/intersos4_1.png", "impact_image2": "organizations/impact/intersos_1.png", "created_at": "2026-03-08T13:40:31.710Z", "updated_at": "2026-04-09T22:22:17.876Z"}}, {"model": "organizations.organization", "pk": 3, "fields": {"name": "World Food Programme", "logo": "organizations/logos/Image.png", "user": 20, "title": "Global Humanitarian Organization", "about": "World Food Programme provides essential food assistance and works to prevent malnutrition, supporting vulnerable groups to ensure fair and reliable access to nutrition. We strive to build a world with zero hunger.", "official_website": "https://wfpusa.org", "contact_email": "wfp@gmail.com", "impact_image1": "organizations/impact/wfp4_1.png", "impact_image2": "organizations/impact/wfp1_1.png", "created_at": "2026-03-08T13:52:51.330Z", "updated_at": "2026-04-09T22:22:17.879Z"}}, {"model": "organizations.organization", "pk": 4, "fields": {"name": "UNHCR", "logo": "organizations/logos/Image4.png", "user": 21, "title": "The UN Refugee Agency", "about": "UNHCR works to protect refugees and displaced individuals by providing legal support, temporary shelter, essential services, and assistance in asylum and resettlement processes. We strive to save lives and build better futures for millions forced from home.", "official_website": "https://give.unrefugees.org", "contact_email": "uvh@gmail.com", "impact_image1": "organizations/impact/un1_1.png", "impact_image2": "organizations/impact/un5_1.png", "created_at": "2026-03-08T13:58:24.761Z", "updated_at": "2026-04-09T22:22:17.881Z"}}, {"model": "organizations.organization", "pk": 5, "fields": {"name": "World Health Organization", "logo": "organizations/logos/Image5.png", "user": 22, "title": "Global Health Agency", "about": "World Health Organization provides urgent health guidance, emergency medical support, preventive programs, and field assistance to healthcare systems during crises and disease outbreaks.", "official_website": "https://www.who.int", "contact_email": "who@gmail.com", "impact_image1": "organizations/impact/who6_1.png", "impact_image2": "organizations/impact/who3_1.png", "created_at": "2026-03-08T14:02:51.917Z", "updated_at": "2026-04-09T22:22:17.884Z"}}, {"model": "organizations.organization", "pk": 6, "fields": {"name": "Red Crescent", "logo": "organizations/logos/Image6.png", "user": 23, "title": "Humanitarian Organization", "about": "Red Crescent provides urgent medical and humanitarian assistance, including emergency healthcare, food distribution, psychological support, and rapid disaster response for affected communities. We are dedicated to alleviating human suffering, protecting life and health, and upholding human dignity, especially during armed conflicts and other emergencies.", "official_website": "https://www.redcross.org", "contact_email": "red@gmail.com", "impact_image1": "organizations/impact/red3_1.png", "impact_image2": "organizations/impact/red6_1.png", "created_at": "2026-03-08T14:07:34.617Z", "updated_at": "2026-04-09T22:22:17.886Z"}}, {"model": "organizations.service", "pk": 1, "fields": {"name": "Child Protection", "description": "Providing a safe environment and legal support for children in danger zones.", "icon": "organizations/icon/p.png", "service_type": "protection", "created_at": "2026-03-08T19:26:05.310Z", "updated_at": "2026-04-09T22:22:17.889Z"}}, {"model": "organizations.service", "pk": 2, "fields": {"name": "Education", "description": "Supporting schools, training teachers, and providing essential educational supplies.", "icon": "organizations/icon/E.png", "service_type": "education", "created_at": "2026-03-08T19:27:08.794Z", "updated_at": "2026-04-09T22:22:17.891Z"}}, {"model": "organizations.service", "pk": 3, "fields": {"name": "Water and Sanitation", "description": "Drilling wells and ensuring access to clean, drinkable water for communities.", "icon": "organizations/icon/W.png", "service_type": "water", "created_at": "2026-03-08T19:27:18.254Z", "updated_at": "2026-04-09T22:22:17.893Z"}}, {"model": "organizations.service", "pk": 4, "fields": {"name": "Protection and safety", "description": "Providing secure environments and legal protection for those in danger zones.", "icon": "organizations/icon/PRO.png", "service_type": "protection", "created_at": "2026-03-08T19:31:59.109Z", "updated_at": "2026-04-09T22:22:17.895Z"}}, {"model": "organizations.service", "pk": 5, "fields": {"name": "Healthcare and medical services", "description": "Delivering essential medical services and health interventions.", "icon": "organizations/icon/H.png", "service_type": "health", "created_at": "2026-03-08T19:32:08.702Z", "updated_at": "2026-04-09T22:22:17.897Z"}}, {"model": "organizations.service", "pk": 6, "fields": {"name": "Food assistance and essential needs", "description": "Distributing food assistance and essential non-food items.", "icon": "organizations/icon/F.png", "service_type": "food", "created_at": "2026-03-08T19:47:05.750Z", "updated_at": "2026-04-09T22:22:17.899Z"}}, {"model": "organizations.service", "pk": 7, "fields": {"name": "Emergency shelter and crisis support", "description": "Housing and immediate crisis intervention for displaced families.", "icon": "organizations/icon/SOS.png", "service_type": "shelter", "created_at": "2026-03-08T19:47:17.286Z", "updated_at": "2026-04-09T22:22:17.900Z"}}, {"model": "organizations.service", "pk": 8, "fields": {"name": "Assistance for children and vulnerable groups", "description": "Specialized support programs for the most at-risk community members.", "icon": "organizations/icon/S.png", "service_type": "protection", "created_at": "2026-03-08T19:48:47.625Z", "updated_at": "2026-04-09T22:22:17.902Z"}}, {"model": "organizations.service", "pk": 9, "fields": {"name": "Food Assistance", "description": "Providing immediate food relief to populations in crisis.", "icon": "organizations/icon/F_N9iJYVP.png", "service_type": "food", "created_at": "2026-03-08T19:49:01.797Z", "updated_at": "2026-04-09T22:22:17.903Z"}}, {"model": "organizations.service", "pk": 10, "fields": {"name": "Malnutrition Prevention", "description": "Specialized programs to prevent stunting and vitamin deficiencies", "icon": "organizations/icon/H2.png", "service_type": "health", "created_at": "2026-03-08T19:49:13.416Z", "updated_at": "2026-04-09T22:22:17.905Z"}}, {"model": "organizations.service", "pk": 11, "fields": {"name": "Logistics Support", "description": "Managing supply chains for efficient food distribution globally.", "icon": "organizations/icon/L.png", "service_type": "logistics", "created_at": "2026-03-08T19:49:23.197Z", "updated_at": "2026-04-09T22:22:17.907Z"}}, {"model": "organizations.service", "pk": 12, "fields": {"name": "Maternal Nutrition", "description": "Specific nutrition programs for children and pregnant women.", "icon": "organizations/icon/M.png", "service_type": "health", "created_at": "2026-03-08T19:50:08.867Z", "updated_at": "2026-04-09T22:22:17.908Z"}}, {"model": "organizations.service", "pk": 13, "fields": {"name": "Food Security & Development", "description": "Building long-term resilience and community development.", "icon": "organizations/icon/FO.png", "service_type": "food", "created_at": "2026-03-08T19:50:17.825Z", "updated_at": "2026-04-09T22:22:17.910Z"}}, {"model": "organizations.service", "pk": 14, "fields": {"name": "Refugee & IDP Protection", "description": "Ensuring safety, registration, and identity documentation for displaced populations.", "icon": "organizations/icon/PRO_PgWj8xY.png", "service_type": "protection", "created_at": "2026-03-08T19:55:31.039Z", "updated_at": "2026-04-09T22:22:17.914Z"}}, {"model": "organizations.service", "pk": 15, "fields": {"name": "Temporary Shelter", "description": "Providing essential housing support and temporary accommodation in crisis zones.", "icon": "organizations/icon/T.png", "service_type": "shelter", "created_at": "2026-03-08T19:55:48.418Z", "updated_at": "2026-04-09T22:22:17.915Z"}}, {"model": "organizations.service", "pk": 16, "fields": {"name": "Legal Assistance", "description": "Expert support for asylum services, rights advocacy, and resettlement processes.", "icon": "organizations/icon/LE.png", "service_type": "legal", "created_at": "2026-03-08T19:55:57.329Z", "updated_at": "2026-04-09T22:22:17.917Z"}}, {"model": "organizations.service", "pk": 17, "fields": {"name": "Emergency Relief", "description": "delivering critical humanitarian aid, food, water, and medical supplies.", "icon": "organizations/icon/SOS_Lg5fbqI.png", "service_type": "emergency", "created_at": "2026-03-08T19:56:38.215Z", "updated_at": "2026-04-09T22:22:17.919Z"}}, {"model": "organizations.service", "pk": 18, "fields": {"name": "Emergency Response", "description": "Providing rapid emergency health response during crises.", "icon": "organizations/icon/SOS_uSEYTHE.png", "service_type": "emergency", "created_at": "2026-03-08T19:57:42.525Z", "updated_at": "2026-04-09T22:22:17.921Z"}}, {"model": "organizations.service", "pk": 19, "fields": {"name": "Disease Control", "description": "Monitoring and controlling disease outbreaks and epidemics.", "icon": "organizations/icon/D.png", "service_type": "health", "created_at": "2026-03-08T19:57:52.928Z", "updated_at": "2026-04-09T22:22:17.922Z"}}, {"model": "organizations.service", "pk": 20, "fields": {"name": "Healthcare Systems", "description": "Strengthening local healthcare infrastructure and support.", "icon": "organizations/icon/HE.png", "service_type": "health", "created_at": "2026-03-08T19:58:02.534Z", "updated_at": "2026-04-09T22:22:17.925Z"}}, {"model": "organizations.service", "pk": 21, "fields": {"name": "Vaccination", "description": "Leading preventive healthcare and vaccination programs.", "icon": "organizations/icon/V.png", "service_type": "vaccination", "created_at": "2026-03-08T19:58:54.128Z", "updated_at": "2026-04-09T22:22:17.927Z"}}, {"model": "organizations.service", "pk": 22, "fields": {"name": "Mental Health", "description": "Providing psychosocial care and mental health support.", "icon": "organizations/icon/MH.png", "service_type": "health", "created_at": "2026-03-08T19:59:05.286Z", "updated_at": "2026-04-09T22:22:17.930Z"}}, {"model": "organizations.service", "pk": 23, "fields": {"name": "Health Education", "description": "Community guidance and public health education.", "icon": "organizations/icon/HEA.png", "service_type": "education", "created_at": "2026-03-08T19:59:17.940Z", "updated_at": "2026-04-09T22:22:17.932Z"}}, {"model": "organizations.service", "pk": 24, "fields": {"name": "Medical Assistance", "description": "Emergency healthcare, ambulance services, and medical aid for those in critical need.", "icon": "organizations/icon/H_gbUGrTl.png", "service_type": "health", "created_at": "2026-03-08T20:15:13.303Z", "updated_at": "2026-04-09T22:22:17.934Z"}}, {"model": "organizations.service", "pk": 25, "fields": {"name": "Food Distribution", "description": "Providing food aid parcels and essential humanitarian supplies to displaced families.", "icon": "organizations/icon/F_2SG04KQ.png", "service_type": "food", "created_at": "2026-03-08T20:15:24.983Z", "updated_at": "2026-04-09T22:22:17.936Z"}}, {"model": "organizations.service", "pk": 26, "fields": {"name": "Psychological Support", "description": "Mental health services and social support for trauma recovery.", "icon": "organizations/icon/PY.png", "service_type": "health", "created_at": "2026-03-08T20:15:33.412Z", "updated_at": "2026-04-09T22:22:17.938Z"}}, {"model": "organizations.service", "pk": 27, "fields": {"name": "Disaster Response", "description": "Rapid disaster management and emergency response coordination.", "icon": "organizations/icon/DR.png", "service_type": "emergency", "created_at": "2026-03-08T20:16:19.447Z", "updated_at": "2026-04-09T22:22:17.941Z"}}, {"model": "organizations.service", "pk": 28, "fields": {"name": "Health Services", "description": "Blood donation drives, transfusion services, and first-aid education.", "icon": "organizations/icon/H4.png", "service_type": "health", "created_at": "2026-03-08T20:16:28.251Z", "updated_at": "2026-04-09T22:22:17.943Z"}}, {"model": "organizations.organizationservice", "pk": 1, "fields": {"organization": 1, "service": 1}}, {"model": "organizations.organizationservice", "pk": 2, "fields": {"organization": 1, "service": 3}}, {"model": "organizations.organizationservice", "pk": 3, "fields": {"organization": 1, "service": 2}}, {"model": "organizations.organizationservice", "pk": 4, "fields": {"organization": 2, "service": 4}}, {"model": "organizations.organizationservice", "pk": 5, "fields": {"organization": 2, "service": 5}}, {"model": "organizations.organizationservice", "pk": 6, "fields": {"organization": 2, "service": 6}}, {"model": "organizations.organizationservice", "pk": 7, "fields": {"organization": 2, "service": 7}}, {"model": "organizations.organizationservice", "pk": 8, "fields": {"organization": 2, "service": 8}}, {"model": "organizations.organizationservice", "pk": 9, "fields": {"organization": 3, "service": 9}}, {"model": "organizations.organizationservice", "pk": 10, "fields": {"organization": 3, "service": 10}}, {"model": "organizations.organizationservice", "pk": 11, "fields": {"organization": 3, "service": 11}}, {"model": "organizations.organizationservice", "pk": 12, "fields": {"organization": 3, "service": 12}}, {"model": "organizations.organizationservice", "pk": 13, "fields": {"organization": 3, "service": 13}}, {"model": "organizations.organizationservice", "pk": 14, "fields": {"organization": 4, "service": 14}}, {"model": "organizations.organizationservice", "pk": 15, "fields": {"organization": 4, "service": 15}}, {"model": "organizations.organizationservice", "pk": 16, "fields": {"organization": 4, "service": 16}}, {"model": "organizations.organizationservice", "pk": 17, "fields": {"organization": 4, "service": 17}}, {"model": "organizations.organizationservice", "pk": 18, "fields": {"organization": 5, "service": 18}}, {"model": "organizations.organizationservice", "pk": 19, "fields": {"organization": 5, "service": 19}}, {"model": "organizations.organizationservice", "pk": 20, "fields": {"organization": 5, "service": 20}}, {"model": "organizations.organizationservice", "pk": 21, "fields": {"organization": 5, "service": 21}}, {"model": "organizations.organizationservice", "pk": 22, "fields": {"organization": 5, "service": 12}}, {"model": "organizations.organizationservice", "pk": 23, "fields": {"organization": 5, "service": 23}}, {"model": "organizations.organizationservice", "pk": 24, "fields": {"organization": 6, "service": 24}}, {"model": "organizations.organizationservice", "pk": 25, "fields": {"organization": 6, "service": 25}}, {"model": "organizations.organizationservice", "pk": 26, "fields": {"organization": 6, "service": 26}}, {"model": "organizations.organizationservice", "pk": 27, "fields": {"organization": 6, "service": 27}}, {"model": "organizations.organizationservice", "pk": 28, "fields": {"organization": 6, "service": 28}}, {"model": "organizations.targetgroup", "pk": 1, "fields": {"name": "Children"}}, {"model": "organizations.targetgroup", "pk": 2, "fields": {"name": "Refugees"}}, {"model": "organizations.targetgroup", "pk": 3, "fields": {"name": "Mothers"}}, {"model": "organizations.targetgroup", "pk": 4, "fields": {"name": "Conflict Zones"}}, {"model": "organizations.targetgroup", "pk": 5, "fields": {"name": "Education"}}, {"model": "organizations.targetgroup", "pk": 6, "fields": {"name": "IDPs"}}, {"model": "organizations.targetgroup", "pk": 7, "fields": {"name": "Women & Children"}}, {"model": "organizations.targetgroup", "pk": 8, "fields": {"name": "Disaster Affected"}}, {"model": "organizations.targetgroup", "pk": 9, "fields": {"name": "Households in need"}}, {"model": "organizations.targetgroup", "pk": 10, "fields": {"name": "Children at risk"}}, {"model": "organizations.targetgroup", "pk": 11, "fields": {"name": "Low-income communities"}}, {"model": "organizations.targetgroup", "pk": 12, "fields": {"name": "Persecuted Individuals"}}, {"model": "organizations.targetgroup", "pk": 13, "fields": {"name": "Displaced Families"}}, {"model": "organizations.targetgroup", "pk": 14, "fields": {"name": "Asylum Seekers"}}, {"model": "organizations.targetgroup", "pk": 15, "fields": {"name": "Health Emergencies"}}, {"model": "organizations.targetgroup", "pk": 16, "fields": {"name": "Outbreak Regions"}}, {"model": "organizations.targetgroup", "pk": 17, "fields": {"name": "Vulnerable Individuals"}}, {"model": "organizations.targetgroup", "pk": 18, "fields": {"name": "Healthcare Workers"}}, {"model": "organizations.organizationtargetgroup", "pk": 1, "fields": {"organization": 1, "target_group": 1}}, {"model": "organizations.organizationtargetgroup", "pk": 2, "fields": {"organization": 1, "target_group": 2}}, {"model": "organizations.organizationtargetgroup", "pk": 3, "fields": {"organization": 1, "target_group": 4}}, {"model": "organizations.organizationtargetgroup", "pk": 4, "fields": {"organization": 1, "target_group": 5}}, {"model": "organizations.organizationtargetgroup", "pk": 5, "fields": {"organization": 1, "target_group": 3}}, {"model": "organizations.organizationtargetgroup", "pk": 6, "fields": {"organization": 2, "target_group": 2}}, {"model": "organizations.organizationtargetgroup", "pk": 7, "fields": {"organization": 2, "target_group": 6}}, {"model": "organizations.organizationtargetgroup", "pk": 8, "fields": {"organization": 2, "target_group": 7}}, {"model": "organizations.organizationtargetgroup", "pk": 9, "fields": {"organization": 2, "target_group": 8}}, {"model": "organizations.organizationtargetgroup", "pk": 10, "fields": {"organization": 3, "target_group": 9}}, {"model": "organizations.organizationtargetgroup", "pk": 11, "fields": {"organization": 3, "target_group": 10}}, {"model": "organizations.organizationtargetgroup", "pk": 12, "fields": {"organization": 3, "target_group": 11}}, {"model": "organizations.organizationtargetgroup", "pk": 13, "fields": {"organization": 3, "target_group": 2}}, {"model": "organizations.organizationtargetgroup", "pk": 14, "fields": {"organization": 3, "target_group": 4}}, {"model": "organizations.organizationtargetgroup", "pk": 15, "fields": {"organization": 4, "target_group": 12}}, {"model": "organizations.organizationtargetgroup", "pk": 16, "fields": {"organization": 4, "target_group": 13}}, {"model": "organizations.organizationtargetgroup", "pk": 17, "fields": {"organization": 4, "target_group": 2}}, {"model": "organizations.organizationtargetgroup", "pk": 18, "fields": {"organization": 4, "target_group": 6}}, {"model": "organizations.organizationtargetgroup", "pk": 19, "fields": {"organization": 4, "target_group": 14}}, {"model": "organizations.organizationtargetgroup", "pk": 20, "fields": {"organization": 5, "target_group": 15}}, {"model": "organizations.organizationtargetgroup", "pk": 21, "fields": {"organization": 5, "target_group": 2}}, {"model": "organizations.organizationtargetgroup", "pk": 22, "fields": {"organization": 5, "target_group": 16}}, {"model": "organizations.organizationtargetgroup", "pk": 23, "fields": {"organization": 5, "target_group": 17}}, {"model": "organizations.organizationtargetgroup", "pk": 24, "fields": {"organization": 5, "target_group": 18}}, {"model": "organizations.organizationtargetgroup", "pk": 25, "fields": {"organization": 6, "target_group": 1}}, {"model": "organizations.organizationtargetgroup", "pk": 26, "fields": {"organization": 6, "target_group": 2}}, {"model": "organizations.organizationtargetgroup", "pk": 27, "fields": {"organization": 6, "target_group": 3}}, {"model": "organizations.organizationtargetgroup", "pk": 28, "fields": {"organization": 6, "target_group": 4}}, {"model": "organizations.organizationtargetgroup", "pk": 29, "fields": {"organization": 6, "target_group": 5}}, {"model": "requests.servicerequest", "pk": 1, "fields": {"refugee": 8, "service": 1, "family_members": 3, "urgency_level": "high", "description": "Need medical assistance", "organization": null, "status": "pending", "location": "Aleppo", "delivery_date": null, "rejection_reason": null, "approved_at": null, "received_at": null, "created_at": "2026-04-03T22:01:35.275Z", "updated_at": "2026-04-03T22:01:35.275Z"}}, {"model": "requests.servicerequest", "pk": 2, "fields": {"refugee": 8, "service": 1, "family_members": 3, "urgency_level": "high", "description": "Need medical assistance", "organization": null, "status": "pending", "location": "Aleppo", "delivery_date": null, "rejection_reason": null, "approved_at": null, "received_at": null, "created_at": "2026-04-03T22:04:21.728Z", "updated_at": "2026-04-03T22:04:21.728Z"}}, {"model": "requests.servicerequest", "pk": 3, "fields": {"refugee": 8, "service": 1, "family_members": 5, "urgency_level": "high", "description": "i need this badly", "organization": null, "status": "pending", "location": "homs", "delivery_date": null, "rejection_reason": null, "approved_at": null, "received_at": null, "created_at": "2026-04-04T12:54:32.269Z", "updated_at": "2026-04-04T12:54:32.269Z"}}, {"model": "auth.permission", "pk": 1, "fields": {"name": "Can add user", "content_type": 4, "codename": "add_user"}}, {"model": "auth.permission", "pk": 2, "fields": {"name": "Can change user", "content_type": 4, "codename": "change_user"}}, {"model": "auth.permission", "pk": 3, "fields": {"name": "Can delete user", "content_type": 4, "codename": "delete_user"}}, {"model": "auth.permission", "pk": 4, "fields": {"name": "Can view user", "content_type": 4, "codename": "view_user"}}, {"model": "auth.permission", "pk": 5, "fields": {"name": "Can add refugee profile", "content_type": 3, "codename": "add_refugeeprofile"}}, {"model": "auth.permission", "pk": 6, "fields": {"name": "Can change refugee profile", "content_type": 3, "codename": "change_refugeeprofile"}}, {"model": "auth.permission", "pk": 7, "fields": {"name": "Can delete refugee profile", "content_type": 3, "codename": "delete_refugeeprofile"}}, {"model": "auth.permission", "pk": 8, "fields": {"name": "Can view refugee profile", "content_type": 3, "codename": "view_refugeeprofile"}}, {"model": "auth.permission", "pk": 9, "fields": {"name": "Can add volunteer profile", "content_type": 6, "codename": "add_volunteerprofile"}}, {"model": "auth.permission", "pk": 10, "fields": {"name": "Can change volunteer profile", "content_type": 6, "codename": "change_volunteerprofile"}}, {"model": "auth.permission", "pk": 11, "fields": {"name": "Can delete volunteer profile", "content_type": 6, "codename": "delete_volunteerprofile"}}, {"model": "auth.permission", "pk": 12, "fields": {"name": "Can view volunteer profile", "content_type": 6, "codename": "view_volunteerprofile"}}, {"model": "auth.permission", "pk": 13, "fields": {"name": "Can add family category", "content_type": 1, "codename": "add_familycategory"}}, {"model": "auth.permission", "pk": 14, "fields": {"name": "Can change family category", "content_type": 1, "codename": "change_familycategory"}}, {"model": "auth.permission", "pk": 15, "fields": {"name": "Can delete family category", "content_type": 1, "codename": "delete_familycategory"}}, {"model": "auth.permission", "pk": 16, "fields": {"name": "Can view family category", "content_type": 1, "codename": "view_familycategory"}}, {"model": "auth.permission", "pk": 17, "fields": {"name": "Can add refugee family member", "content_type": 2, "codename": "add_refugeefamilymember"}}, {"model": "auth.permission", "pk": 18, "fields": {"name": "Can change refugee family member", "content_type": 2, "codename": "change_refugeefamilymember"}}, {"model": "auth.permission", "pk": 19, "fields": {"name": "Can delete refugee family member", "content_type": 2, "codename": "delete_refugeefamilymember"}}, {"model": "auth.permission", "pk": 20, "fields": {"name": "Can view refugee family member", "content_type": 2, "codename": "view_refugeefamilymember"}}, {"model": "auth.permission", "pk": 21, "fields": {"name": "Can add volunteer application", "content_type": 5, "codename": "add_volunteerapplication"}}, {"model": "auth.permission", "pk": 22, "fields": {"name": "Can change volunteer application", "content_type": 5, "codename": "change_volunteerapplication"}}, {"model": "auth.permission", "pk": 23, "fields": {"name": "Can delete volunteer application", "content_type": 5, "codename": "delete_volunteerapplication"}}, {"model": "auth.permission", "pk": 24, "fields": {"name": "Can view volunteer application", "content_type": 5, "codename": "view_volunteerapplication"}}, {"model": "auth.permission", "pk": 25, "fields": {"name": "Can add organization", "content_type": 7, "codename": "add_organization"}}, {"model": "auth.permission", "pk": 26, "fields": {"name": "Can change organization", "content_type": 7, "codename": "change_organization"}}, {"model": "auth.permission", "pk": 27, "fields": {"name": "Can delete organization", "content_type": 7, "codename": "delete_organization"}}, {"model": "auth.permission", "pk": 28, "fields": {"name": "Can view organization", "content_type": 7, "codename": "view_organization"}}, {"model": "auth.permission", "pk": 29, "fields": {"name": "Can add service", "content_type": 10, "codename": "add_service"}}, {"model": "auth.permission", "pk": 30, "fields": {"name": "Can change service", "content_type": 10, "codename": "change_service"}}, {"model": "auth.permission", "pk": 31, "fields": {"name": "Can delete service", "content_type": 10, "codename": "delete_service"}}, {"model": "auth.permission", "pk": 32, "fields": {"name": "Can view service", "content_type": 10, "codename": "view_service"}}, {"model": "auth.permission", "pk": 33, "fields": {"name": "Can add organization service", "content_type": 8, "codename": "add_organizationservice"}}, {"model": "auth.permission", "pk": 34, "fields": {"name": "Can change organization service", "content_type": 8, "codename": "change_organizationservice"}}, {"model": "auth.permission", "pk": 35, "fields": {"name": "Can delete organization service", "content_type": 8, "codename": "delete_organizationservice"}}, {"model": "auth.permission", "pk": 36, "fields": {"name": "Can view organization service", "content_type": 8, "codename": "view_organizationservice"}}, {"model": "auth.permission", "pk": 37, "fields": {"name": "Can add target group", "content_type": 11, "codename": "add_targetgroup"}}, {"model": "auth.permission", "pk": 38, "fields": {"name": "Can change target group", "content_type": 11, "codename": "change_targetgroup"}}, {"model": "auth.permission", "pk": 39, "fields": {"name": "Can delete target group", "content_type": 11, "codename": "delete_targetgroup"}}, {"model": "auth.permission", "pk": 40, "fields": {"name": "Can view target group", "content_type": 11, "codename": "view_targetgroup"}}, {"model": "auth.permission", "pk": 41, "fields": {"name": "Can add organization target group", "content_type": 9, "codename": "add_organizationtargetgroup"}}, {"model": "auth.permission", "pk": 42, "fields": {"name": "Can change organization target group", "content_type": 9, "codename": "change_organizationtargetgroup"}}, {"model": "auth.permission", "pk": 43, "fields": {"name": "Can delete organization target group", "content_type": 9, "codename": "delete_organizationtargetgroup"}}, {"model": "auth.permission", "pk": 44, "fields": {"name": "Can view organization target group", "content_type": 9, "codename": "view_organizationtargetgroup"}}, {"model": "auth.permission", "pk": 45, "fields": {"name": "Can add service request", "content_type": 12, "codename": "add_servicerequest"}}, {"model": "auth.permission", "pk": 46, "fields": {"name": "Can change service request", "content_type": 12, "codename": "change_servicerequest"}}, {"model": "auth.permission", "pk": 47, "fields": {"name": "Can delete service request", "content_type": 12, "codename": "delete_servicerequest"}}, {"model": "auth.permission", "pk": 48, "fields": {"name": "Can view service request", "content_type": 12, "codename": "view_servicerequest"}}, {"model": "auth.permission", "pk": 49, "fields": {"name": "Can add task", "content_type": 13, "codename": "add_task"}}, {"model": "auth.permission", "pk": 50, "fields": {"name": "Can change task", "content_type": 13, "codename": "change_task"}}, {"model": "auth.permission", "pk": 51, "fields": {"name": "Can delete task", "content_type": 13, "codename": "delete_task"}}, {"model": "auth.permission", "pk": 52, "fields": {"name": "Can view task", "content_type": 13, "codename": "view_task"}}, {"model": "auth.permission", "pk": 53, "fields": {"name": "Can add log entry", "content_type": 14, "codename": "add_logentry"}}, {"model": "auth.permission", "pk": 54, "fields": {"name": "Can change log entry", "content_type": 14, "codename": "change_logentry"}}, {"model": "auth.permission", "pk": 55, "fields": {"name": "Can delete log entry", "content_type": 14, "codename": "delete_logentry"}}, {"model": "auth.permission", "pk": 56, "fields": {"name": "Can view log entry", "content_type": 14, "codename": "view_logentry"}}, {"model": "auth.permission", "pk": 57, "fields": {"name": "Can add permission", "content_type": 16, "codename": "add_permission"}}, {"model": "auth.permission", "pk": 58, "fields": {"name": "Can change permission", "content_type": 16, "codename": "change_permission"}}, {"model": "auth.permission", "pk": 59, "fields": {"name": "Can delete permission", "content_type": 16, "codename": "delete_permission"}}, {"model": "auth.permission", "pk": 60, "fields": {"name": "Can view permission", "content_type": 16, "codename": "view_permission"}}, {"model": "auth.permission", "pk": 61, "fields": {"name": "Can add group", "content_type": 15, "codename": "add_group"}}, {"model": "auth.permission", "pk": 62, "fields": {"name": "Can change group", "content_type": 15, "codename": "change_group"}}, {"model": "auth.permission", "pk": 63, "fields": {"name": "Can delete group", "content_type": 15, "codename": "delete_group"}}, {"model": "auth.permission", "pk": 64, "fields": {"name": "Can view group", "content_type": 15, "codename": "view_group"}}, {"model": "auth.permission", "pk": 65, "fields": {"name": "Can add content type", "content_type": 17, "codename": "add_contenttype"}}, {"model": "auth.permission", "pk": 66, "fields": {"name": "Can change content type", "content_type": 17, "codename": "change_contenttype"}}, {"model": "auth.permission", "pk": 67, "fields": {"name": "Can delete content type", "content_type": 17, "codename": "delete_contenttype"}}, {"model": "auth.permission", "pk": 68, "fields": {"name": "Can view content type", "content_type": 17, "codename": "view_contenttype"}}, {"model": "auth.permission", "pk": 69, "fields": {"name": "Can add session", "content_type": 18, "codename": "add_session"}}, {"model": "auth.permission", "pk": 70, "fields": {"name": "Can change session", "content_type": 18, "codename": "change_session"}}, {"model": "auth.permission", "pk": 71, "fields": {"name": "Can delete session", "content_type": 18, "codename": "delete_session"}}, {"model": "auth.permission", "pk": 72, "fields": {"name": "Can view session", "content_type": 18, "codename": "view_session"}}, {"model": "auth.permission", "pk": 73, "fields": {"name": "Can add Token", "content_type": 19, "codename": "add_token"}}, {"model": "auth.permission", "pk": 74, "fields": {"name": "Can change Token", "content_type": 19, "codename": "change_token"}}, {"model": "auth.permission", "pk": 75, "fields": {"name": "Can delete Token", "content_type": 19, "codename": "delete_token"}}, {"model": "auth.permission", "pk": 76, "fields": {"name": "Can view Token", "content_type": 19, "codename": "view_token"}}, {"model": "auth.permission", "pk": 77, "fields": {"name": "Can add Token", "content_type": 20, "codename": "add_tokenproxy"}}, {"model": "auth.permission", "pk": 78, "fields": {"name": "Can change Token", "content_type": 20, "codename": "change_tokenproxy"}}, {"model": "auth.permission", "pk": 79, "fields": {"name": "Can delete Token", "content_type": 20, "codename": "delete_tokenproxy"}}, {"model": "auth.permission", "pk": 80, "fields": {"name": "Can view Token", "content_type": 20, "codename": "view_tokenproxy"}}, {"model": "auth.permission", "pk": 81, "fields": {"name": "Can add Outstanding Token", "content_type": 22, "codename": "add_outstandingtoken"}}, {"model": "auth.permission", "pk": 82, "fields": {"name": "Can change Outstanding Token", "content_type": 22, "codename": "change_outstandingtoken"}}, {"model": "auth.permission", "pk": 83, "fields": {"name": "Can delete Outstanding Token", "content_type": 22, "codename": "delete_outstandingtoken"}}, {"model": "auth.permission", "pk": 84, "fields": {"name": "Can view Outstanding Token", "content_type": 22, "codename": "view_outstandingtoken"}}, {"model": "auth.permission", "pk": 85, "fields": {"name": "Can add Blacklisted Token", "content_type": 21, "codename": "add_blacklistedtoken"}}, {"model": "auth.permission", "pk": 86, "fields": {"name": "Can change Blacklisted Token", "content_type": 21, "codename": "change_blacklistedtoken"}}, {"model": "auth.permission", "pk": 87, "fields": {"name": "Can delete Blacklisted Token", "content_type": 21, "codename": "delete_blacklistedtoken"}}, {"model": "auth.permission", "pk": 88, "fields": {"name": "Can view Blacklisted Token", "content_type": 21, "codename": "view_blacklistedtoken"}}, {"model": "contenttypes.contenttype", "pk": 1, "fields": {"app_label": "accounts", "model": "familycategory"}}, {"model": "contenttypes.contenttype", "pk": 2, "fields": {"app_label": "accounts", "model": "refugeefamilymember"}}, {"model": "contenttypes.contenttype", "pk": 3, "fields": {"app_label": "accounts", "model": "refugeeprofile"}}, {"model": "contenttypes.contenttype", "pk": 4, "fields": {"app_label": "accounts", "model": "user"}}, {"model": "contenttypes.contenttype", "pk": 5, "fields": {"app_label": "accounts", "model": "volunteerapplication"}}, {"model": "contenttypes.contenttype", "pk": 6, "fields": {"app_label": "accounts", "model": "volunteerprofile"}}, {"model": "contenttypes.contenttype", "pk": 7, "fields": {"app_label": "organizations", "model": "organization"}}, {"model": "contenttypes.contenttype", "pk": 8, "fields": {"app_label": "organizations", "model": "organizationservice"}}, {"model": "contenttypes.contenttype", "pk": 9, "fields": {"app_label": "organizations", "model": "organizationtargetgroup"}}, {"model": "contenttypes.contenttype", "pk": 10, "fields": {"app_label": "organizations", "model": "service"}}, {"model": "contenttypes.contenttype", "pk": 11, "fields": {"app_label": "organizations", "model": "targetgroup"}}, {"model": "contenttypes.contenttype", "pk": 12, "fields": {"app_label": "requests", "model": "servicerequest"}}, {"model": "contenttypes.contenttype", "pk": 13, "fields": {"app_label": "requests", "model": "task"}}, {"model": "contenttypes.contenttype", "pk": 14, "fields": {"app_label": "admin", "model": "logentry"}}, {"model": "contenttypes.contenttype", "pk": 15, "fields": {"app_label": "auth", "model": "group"}}, {"model": "contenttypes.contenttype", "pk": 16, "fields": {"app_label": "auth", "model": "permission"}}, {"model": "contenttypes.contenttype", "pk": 17, "fields": {"app_label": "contenttypes", "model": "contenttype"}}, {"model": "contenttypes.contenttype", "pk": 18, "fields": {"app_label": "sessions", "model": "session"}}, {"model": "contenttypes.contenttype", "pk": 19, "fields": {"app_label": "authtoken", "model": "token"}}, {"model": "contenttypes.contenttype", "pk": 20, "fields": {"app_label": "authtoken", "model": "tokenproxy"}}, {"model": "contenttypes.contenttype", "pk": 21, "fields": {"app_label": "token_blacklist", "model": "blacklistedtoken"}}, {"model": "contenttypes.contenttype", "pk": 22, "fields": {"app_label": "token_blacklist", "model": "outstandingtoken"}}, {"model": "sessions.session", "pk": "bcouh7zuy3o921kfpesx307rhneucq63", "fields": {"session_data": ".eJxVjEEOwiAQRe_C2pCBAkNduvcMhBmoVA0kpV0Z765NutDtf-_9lwhxW0vYel7CnMRZaHH63SjyI9cdpHustya51XWZSe6KPGiX15by83K4fwcl9vKtRxgYDVh0yAq9xkyGEnujWJnkGAeiKYNGN2qI2iUNBvJA1tvJeuXE-wPBXzbf:1vzCyC:6AP2g_vMSpqkpJluXqxpJvblvIPp10HYJxzUY-rasGA", "expire_date": "2026-03-22T12:10:52.669Z"}}, {"model": "token_blacklist.outstandingtoken", "pk": 1, "fields": {"user": null, "jti": "05d5984eba044d1880c1222ecc1471e7", "token": "eyJhbGciOiJIUzI1NiIsInR5cCI6IkpXVCJ9.eyJ0b2tlbl90eXBlIjoicmVmcmVzaCIsImV4cCI6MTc3MzE4NzMwMCwiaWF0IjoxNzczMTAwOTAwLCJqdGkiOiIwNWQ1OTg0ZWJhMDQ0ZDE4ODBjMTIyMmVjYzE0NzFlNyIsInVzZXJfaWQiOiIzIn0.YHyqKX7bZwdfq5qjdpooeJFKs23JkR3FG0VvlwQhhiA", "created_at": "2026-03-10T00:01:40.286Z", "expires_at": "2026-03-11T00:01:40Z"}}, {"model": "token_blacklist.outstandingtoken", "pk": 2, "fields": {"user": null, "jti": "181ed66b45a64f8fa8ba71101f3a640f", "token": "eyJhbGciOiJIUzI1NiIsInR5cCI6IkpXVCJ9.eyJ0b2tlbl90eXBlIjoicmVmcmVzaCIsImV4cCI6MTc3MzE5NDQzMiwiaWF0IjoxNzczMTA4MDMyLCJqdGkiOiIxODFlZDY2YjQ1YTY0ZjhmYThiYTcxMTAxZjNhNjQwZiIsInVzZXJfaWQiOiIzIn0.TEUJ4B2NTdU5fU7p4w3tVUV1v2mv1mQcJYba5hAsFKg", "created_at": "2026-03-10T02:00:32.622Z", "expires_at": "2026-03-11T02:00:32Z"}}, {"model": "token_blacklist.outstandingtoken", "pk": 3, "fields": {"user": null, "jti": "eca322dd5773499886c2e04ba0fd9d41", "token": "eyJhbGciOiJIUzI1NiIsInR5cCI6IkpXVCJ9.eyJ0b2tlbl90eXBlIjoicmVmcmVzaCIsImV4cCI6MTc3MzE5NjMwMywiaWF0IjoxNzczMTA5OTAzLCJqdGkiOiJlY2EzMjJkZDU3NzM0OTk4ODZjMmUwNGJhMGZkOWQ0MSIsInVzZXJfaWQiOiIzIn0.EcyCxVB_k3Du7clB5JXFKOO6LBVZVInPKzTE2-HquMg", "created_at": "2026-03-10T02:31:43.961Z", "expires_at": "2026-03-11T02:31:43Z"}}, {"model": "token_blacklist.outstandingtoken", "pk": 4, "fields": {"user": null, "jti": "84d66c79cb9945288749390a001090c2", "token": "eyJhbGciOiJIUzI1NiIsInR5cCI6IkpXVCJ9.eyJ0b2tlbl90eXBlIjoicmVmcmVzaCIsImV4cCI6MTc3MzE5NjgxNywiaWF0IjoxNzczMTEwNDE3LCJqdGkiOiI4NGQ2NmM3OWNiOTk0NTI4ODc0OTM5MGEwMDEwOTBjMiIsInVzZXJfaWQiOiIzIn0.EPI9j-WCM0gMLj3Lh1XtI35CH4W_Y_bCGpePBghIwaM", "created_at": "2026-03-10T02:40:17.801Z", "expires_at": "2026-03-11T02:40:17Z"}}, {"model": "token_blacklist.outstandingtoken", "pk": 5, "fields": {"user": null, "jti": "5f2eef4eb5544f26a9c73fca112186ca", "token": "eyJhbGciOiJIUzI1NiIsInR5cCI6IkpXVCJ9.eyJ0b2tlbl90eXBlIjoicmVmcmVzaCIsImV4cCI6MTc3MzIzNjMxMiwiaWF0IjoxNzczMTQ5OTEyLCJqdGkiOiI1ZjJlZWY0ZWI1NTQ0ZjI2YTljNzNmY2ExMTIxODZjYSIsInVzZXJfaWQiOiIzIn0.jlBPPoJB4LxDxiAQdcHlf8-HYAp9YAhvymqXoDUA4Yw", "created_at": "2026-03-10T13:38:32.667Z", "expires_at": "2026-03-11T13:38:32Z"}}, {"model": "token_blacklist.outstandingtoken", "pk": 6, "fields": {"user": null, "jti": "29b653826ff748b6ac4d9a99f299b20c", "token": "eyJhbGciOiJIUzI1NiIsInR5cCI6IkpXVCJ9.eyJ0b2tlbl90eXBlIjoicmVmcmVzaCIsImV4cCI6MTc3MzI0NTI4MywiaWF0IjoxNzczMTU4ODgzLCJqdGkiOiIyOWI2NTM4MjZmZjc0OGI2YWM0ZDlhOTlmMjk5YjIwYyIsInVzZXJfaWQiOiIzIn0.hEK1rB2wXlfnRkkpXIIHMnz4omzBcNGV5JjdbdEKaXA", "created_at": "2026-03-10T16:08:03.236Z", "expires_at": "2026-03-11T16:08:03Z"}}, {"model": "token_blacklist.outstandingtoken", "pk": 7, "fields": {"user": null, "jti": "aa822139cfad4306b7739f34edc9a128", "token": "eyJhbGciOiJIUzI1NiIsInR5cCI6IkpXVCJ9.eyJ0b2tlbl90eXBlIjoicmVmcmVzaCIsImV4cCI6MTc3MzI0NTQwOSwiaWF0IjoxNzczMTU5MDA5LCJqdGkiOiJhYTgyMjEzOWNmYWQ0MzA2Yjc3MzlmMzRlZGM5YTEyOCIsInVzZXJfaWQiOiIzIn0.3-OticTTJAEQ803wB74tN8X2-qN6MBlz8chjx5TXA-c", "created_at": "2026-03-10T16:10:09.714Z", "expires_at": "2026-03-11T16:10:09Z"}}, {"model": "token_blacklist.outstandingtoken", "pk": 8, "fields": {"user": null, "jti": "f1d3f2ccaa114cc89db78732fe20a73e", "token": "eyJhbGciOiJIUzI1NiIsInR5cCI6IkpXVCJ9.eyJ0b2tlbl90eXBlIjoicmVmcmVzaCIsImV4cCI6MTc3MzI2NTAyNiwiaWF0IjoxNzczMTc4NjI2LCJqdGkiOiJmMWQzZjJjY2FhMTE0Y2M4OWRiNzg3MzJmZTIwYTczZSIsInVzZXJfaWQiOiIzIn0.BhbH83skvm_dpm9rF0BK53969NzLb1eBYCu9mQjA1fY", "created_at": "2026-03-10T21:37:06.378Z", "expires_at": "2026-03-11T21:37:06Z"}}, {"model": "token_blacklist.outstandingtoken", "pk": 9, "fields": {"user": null, "jti": "8cab19d64f8242a49dd0d1b2829b5c73", "token": "eyJhbGciOiJIUzI1NiIsInR5cCI6IkpXVCJ9.eyJ0b2tlbl90eXBlIjoicmVmcmVzaCIsImV4cCI6MTc3Mzg0NzIzOSwiaWF0IjoxNzczNzYwODM5LCJqdGkiOiI4Y2FiMTlkNjRmODI0MmE0OWRkMGQxYjI4MjliNWM3MyIsInVzZXJfaWQiOiI0In0.SCDFlXA8ybpEFFvb7w1qHIXPXC7scRR5EQNx2cXjTY4", "created_at": "2026-03-17T15:20:39.501Z", "expires_at": "2026-03-18T15:20:39Z"}}, {"model": "token_blacklist.outstandingtoken", "pk": 10, "fields": {"user": null, "jti": "29d3357ff6ea4382897c7772eac986eb", "token": "eyJhbGciOiJIUzI1NiIsInR5cCI6IkpXVCJ9.eyJ0b2tlbl90eXBlIjoicmVmcmVzaCIsImV4cCI6MTc3Mzg0NzMxNiwiaWF0IjoxNzczNzYwOTE2LCJqdGkiOiIyOWQzMzU3ZmY2ZWE0MzgyODk3Yzc3NzJlYWM5ODZlYiIsInVzZXJfaWQiOiI0In0.KEkTRVoPg0IxQXUg56C25A1j--JU9IVA5Y3sh4VHVrw", "created_at": "2026-03-17T15:21:56.742Z", "expires_at": "2026-03-18T15:21:56Z"}}, {"model": "token_blacklist.outstandingtoken", "pk": 11, "fields": {"user": null, "jti": "348b9d6bca844606acac82c34001d823", "token": "eyJhbGciOiJIUzI1NiIsInR5cCI6IkpXVCJ9.eyJ0b2tlbl90eXBlIjoicmVmcmVzaCIsImV4cCI6MTc3Mzg1NDQxMiwiaWF0IjoxNzczNzY4MDEyLCJqdGkiOiIzNDhiOWQ2YmNhODQ0NjA2YWNhYzgyYzM0MDAxZDgyMyIsInVzZXJfaWQiOiI0In0.sohpzi2hpgdWWZP2O6Ep6vc0KUFSgUNxSOErAkjJVBc", "created_at": "2026-03-17T17:20:12.006Z", "expires_at": "2026-03-18T17:20:12Z"}}, {"model": "token_blacklist.outstandingtoken", "pk": 12, "fields": {"user": null, "jti": "f7c3238b1290425da695eb1441f5bc53", "token": "eyJhbGciOiJIUzI1NiIsInR5cCI6IkpXVCJ9.eyJ0b2tlbl90eXBlIjoicmVmcmVzaCIsImV4cCI6MTc3Mzg1NDY1NSwiaWF0IjoxNzczNzY4MjU1LCJqdGkiOiJmN2MzMjM4YjEyOTA0MjVkYTY5NWViMTQ0MWY1YmM1MyIsInVzZXJfaWQiOiI0In0.Jf10AEYF-mhgVipcelJJtWQ2IENG9YbmBC_BdPj_n8A", "created_at": "2026-03-17T17:24:15.778Z", "expires_at": "2026-03-18T17:24:15Z"}}, {"model": "token_blacklist.outstandingtoken", "pk": 13, "fields": {"user": null, "jti": "fac05e1abbdf4f6daf75a5afdb2c66e5", "token": "eyJhbGciOiJIUzI1NiIsInR5cCI6IkpXVCJ9.eyJ0b2tlbl90eXBlIjoicmVmcmVzaCIsImV4cCI6MTc3MzkzMDk0NCwiaWF0IjoxNzczODQ0NTQ0LCJqdGkiOiJmYWMwNWUxYWJiZGY0ZjZkYWY3NWE1YWZkYjJjNjZlNSIsInVzZXJfaWQiOiI4In0.CuZp3-HL3sLhoZ3hdePhAZXPsJiAYiTyPlUc5w7ZEmg", "created_at": "2026-03-18T14:35:44.284Z", "expires_at": "2026-03-19T14:35:44Z"}}, {"model": "token_blacklist.outstandingtoken", "pk": 14, "fields": {"user": null, "jti": "e8400bee90754855907053ff8732ce61", "token": "eyJhbGciOiJIUzI1NiIsInR5cCI6IkpXVCJ9.eyJ0b2tlbl90eXBlIjoicmVmcmVzaCIsImV4cCI6MTc3MzkzNDQ4MiwiaWF0IjoxNzczODQ4MDgyLCJqdGkiOiJlODQwMGJlZTkwNzU0ODU1OTA3MDUzZmY4NzMyY2U2MSIsInVzZXJfaWQiOiI5In0.GfKqiCJMHmyaVUFhn0btbmCnPb6IqIkzU0qKsaUmAag", "created_at": "2026-03-18T15:34:42.286Z", "expires_at": "2026-03-19T15:34:42Z"}}, {"model": "token_blacklist.outstandingtoken", "pk": 15, "fields": {"user": null, "jti": "e4f1c2173dfe45a3aa968bdb0a2ce2e5", "token": "eyJhbGciOiJIUzI1NiIsInR5cCI6IkpXVCJ9.eyJ0b2tlbl90eXBlIjoicmVmcmVzaCIsImV4cCI6MTc3MzkzNDk2OCwiaWF0IjoxNzczODQ4NTY4LCJqdGkiOiJlNGYxYzIxNzNkZmU0NWEzYWE5NjhiZGIwYTJjZTJlNSIsInVzZXJfaWQiOiI5In0.AyCo3BZRvIv0ZwrTm7sR_UiRGU6AXGV5iINjuH7QnKo", "created_at": "2026-03-18T15:42:48.657Z", "expires_at": "2026-03-19T15:42:48Z"}}, {"model": "token_blacklist.outstandingtoken", "pk": 16, "fields": {"user": null, "jti": "b9b6c8407fc84b10af6ae63b784cbd2a", "token": "eyJhbGciOiJIUzI1NiIsInR5cCI6IkpXVCJ9.eyJ0b2tlbl90eXBlIjoicmVmcmVzaCIsImV4cCI6MTc3MzkzNjc5OSwiaWF0IjoxNzczODUwMzk5LCJqdGkiOiJiOWI2Yzg0MDdmYzg0YjEwYWY2YWU2M2I3ODRjYmQyYSIsInVzZXJfaWQiOiI5In0.fDQ3SVb7H4_ZFKoJuXQ39vPqMhkRI1TFhEICu-uK2dQ", "created_at": "2026-03-18T16:13:19.501Z", "expires_at": "2026-03-19T16:13:19Z"}}, {"model": "token_blacklist.outstandingtoken", "pk": 17, "fields": {"user": null, "jti": "ffa6bb42eb354a1eacf3f390540cfd54", "token": "eyJhbGciOiJIUzI1NiIsInR5cCI6IkpXVCJ9.eyJ0b2tlbl90eXBlIjoicmVmcmVzaCIsImV4cCI6MTc3MzkzODQwOSwiaWF0IjoxNzczODUyMDA5LCJqdGkiOiJmZmE2YmI0MmViMzU0YTFlYWNmM2YzOTA1NDBjZmQ1NCIsInVzZXJfaWQiOiIxMCJ9.wZN_8fDIplfBUC2ldJkvW59s3wYHQXOOwz1l5Ac8PJo", "created_at": "2026-03-18T16:40:09.078Z", "expires_at": "2026-03-19T16:40:09Z"}}, {"model": "token_blacklist.outstandingtoken", "pk": 18, "fields": {"user": null, "jti": "62d8da62f5e34106924364487ab7fb85", "token": "eyJhbGciOiJIUzI1NiIsInR5cCI6IkpXVCJ9.eyJ0b2tlbl90eXBlIjoicmVmcmVzaCIsImV4cCI6MTc3Mzk0NTU2MSwiaWF0IjoxNzczODU5MTYxLCJqdGkiOiI2MmQ4ZGE2MmY1ZTM0MTA2OTI0MzY0NDg3YWI3ZmI4NSIsInVzZXJfaWQiOiIxMCJ9.gNrpq6sjDSVRVAXdCl8p6_7E4zFsmy6fxJ9zkAbsq10", "created_at": "2026-03-18T18:39:21.182Z", "expires_at": "2026-03-19T18:39:21Z"}}, {"model": "token_blacklist.outstandingtoken", "pk": 19, "fields": {"user": null, "jti": "967594c5da2f472aa56d3ceec45e5d1a", "token": "eyJhbGciOiJIUzI1NiIsInR5cCI6IkpXVCJ9.eyJ0b2tlbl90eXBlIjoicmVmcmVzaCIsImV4cCI6MTc3Mzk1OTA0NSwiaWF0IjoxNzczODcyNjQ1LCJqdGkiOiI5Njc1OTRjNWRhMmY0NzJhYTU2ZDNjZWVjNDVlNWQxYSIsInVzZXJfaWQiOiIxMCJ9.JBeeH8i82ZA4D1FkJGcX6uZUhdJWiR-Ew-qfqO0SwyM", "created_at": "2026-03-18T22:24:05.386Z", "expires_at": "2026-03-19T22:24:05Z"}}, {"model": "token_blacklist.outstandingtoken", "pk": 20, "fields": {"user": null, "jti": "f649c07a5a37448c81aeaeae43fae246", "token": "eyJhbGciOiJIUzI1NiIsInR5cCI6IkpXVCJ9.eyJ0b2tlbl90eXBlIjoicmVmcmVzaCIsImV4cCI6MTc3Mzk1OTA4NiwiaWF0IjoxNzczODcyNjg2LCJqdGkiOiJmNjQ5YzA3YTVhMzc0NDhjODFhZWFlYWU0M2ZhZTI0NiIsInVzZXJfaWQiOiIxMCJ9.Lo8PVonI3YCh9AvHS2d1zzmGJQmuQfODFikHjkRegkk", "created_at": "2026-03-18T22:24:46.349Z", "expires_at": "2026-03-19T22:24:46Z"}}, {"model": "token_blacklist.outstandingtoken", "pk": 21, "fields": {"user": null, "jti": "9aee1b4c481a47d2b2b943ac2f180858", "token": "eyJhbGciOiJIUzI1NiIsInR5cCI6IkpXVCJ9.eyJ0b2tlbl90eXBlIjoicmVmcmVzaCIsImV4cCI6MTc3Mzk3Njc0OSwiaWF0IjoxNzczODkwMzQ5LCJqdGkiOiI5YWVlMWI0YzQ4MWE0N2QyYjJiOTQzYWMyZjE4MDg1OCIsInVzZXJfaWQiOiIxMCJ9.6yas_Le-UQ3QCaxvyhCSIrnoxuuthJoyefNU0LYpNY0", "created_at": "2026-03-19T03:19:09.950Z", "expires_at": "2026-03-20T03:19:09Z"}}, {"model": "token_blacklist.outstandingtoken", "pk": 22, "fields": {"user": null, "jti": "493dac1724d24235aa72e3f572eacd0c", "token": "eyJhbGciOiJIUzI1NiIsInR5cCI6IkpXVCJ9.eyJ0b2tlbl90eXBlIjoicmVmcmVzaCIsImV4cCI6MTc3Mzk3ODEyNCwiaWF0IjoxNzczODkxNzI0LCJqdGkiOiI0OTNkYWMxNzI0ZDI0MjM1YWE3MmUzZjU3MmVhY2QwYyIsInVzZXJfaWQiOiIxMCJ9.Cnqv1_R9cdrPEtzYoOUG5G6JPNyWN6KqlZOLK8F9ZVE", "created_at": "2026-03-19T03:42:04.621Z", "expires_at": "2026-03-20T03:42:04Z"}}, {"model": "token_blacklist.outstandingtoken", "pk": 23, "fields": {"user": null, "jti": "27ca508dad2c461080213d2c9d666f82", "token": "eyJhbGciOiJIUzI1NiIsInR5cCI6IkpXVCJ9.eyJ0b2tlbl90eXBlIjoicmVmcmVzaCIsImV4cCI6MTc3Mzk3OTc5NiwiaWF0IjoxNzczODkzMzk2LCJqdGkiOiIyN2NhNTA4ZGFkMmM0NjEwODAyMTNkMmM5ZDY2NmY4MiIsInVzZXJfaWQiOiIxMCJ9.fBR1M1bgzTtRr-j8vQKO0jlr7oV9wEWO6giW6La0Sc0", "created_at": "2026-03-19T04:09:56.772Z", "expires_at": "2026-03-20T04:09:56Z"}}, {"model": "token_blacklist.outstandingtoken", "pk": 24, "fields": {"user": null, "jti": "a6254440c5cb4097a70d7d3e7403a2b3", "token": "eyJhbGciOiJIUzI1NiIsInR5cCI6IkpXVCJ9.eyJ0b2tlbl90eXBlIjoicmVmcmVzaCIsImV4cCI6MTc3Mzk3OTgxMSwiaWF0IjoxNzczODkzNDExLCJqdGkiOiJhNjI1NDQ0MGM1Y2I0MDk3YTcwZDdkM2U3NDAzYTJiMyIsInVzZXJfaWQiOiIxMCJ9.YbgDsK9Z3spiSoZuDCUzXoOOwsdzbBha6tw6dEVuzL4", "created_at": "2026-03-19T04:10:11.772Z", "expires_at": "2026-03-20T04:10:11Z"}}, {"model": "token_blacklist.outstandingtoken", "pk": 25, "fields": {"user": null, "jti": "70150a9b0c3345a189c42a21afab5841", "token": "eyJhbGciOiJIUzI1NiIsInR5cCI6IkpXVCJ9.eyJ0b2tlbl90eXBlIjoicmVmcmVzaCIsImV4cCI6MTc3NDAwOTk0MywiaWF0IjoxNzczOTIzNTQzLCJqdGkiOiI3MDE1MGE5YjBjMzM0NWExODljNDJhMjFhZmFiNTg0MSIsInVzZXJfaWQiOiIxMCJ9.VqlVE3biX4147a9l5ZpnCEu-fT9UIF656Td3Dq74E2o", "created_at": "2026-03-19T12:32:23.848Z", "expires_at": "2026-03-20T12:32:23Z"}}, {"model": "token_blacklist.outstandingtoken", "pk": 26, "fields": {"user": null, "jti": "3a4041b0a1624b75bd172b574870d143", "token": "eyJhbGciOiJIUzI1NiIsInR5cCI6IkpXVCJ9.eyJ0b2tlbl90eXBlIjoicmVmcmVzaCIsImV4cCI6MTc3NDAxMjIxOCwiaWF0IjoxNzczOTI1ODE4LCJqdGkiOiIzYTQwNDFiMGExNjI0Yjc1YmQxNzJiNTc0ODcwZDE0MyIsInVzZXJfaWQiOiIxMCJ9.BpBPQbJmybbqjPcaI0KeaQpp84E8PTfw0gC0FBOZCIw", "created_at": "2026-03-19T13:10:18.828Z", "expires_at": "2026-03-20T13:10:18Z"}}, {"model": "token_blacklist.outstandingtoken", "pk": 27, "fields": {"user": null, "jti": "f1c728afee754056ba835df902f8784a", "token": "eyJhbGciOiJIUzI1NiIsInR5cCI6IkpXVCJ9.eyJ0b2tlbl90eXBlIjoicmVmcmVzaCIsImV4cCI6MTc3NDAxMjI0MiwiaWF0IjoxNzczOTI1ODQyLCJqdGkiOiJmMWM3MjhhZmVlNzU0MDU2YmE4MzVkZjkwMmY4Nzg0YSIsInVzZXJfaWQiOiIxMCJ9.1gHPQGwqdEJYujK3gGkqai03nWWzHSxNVU20SZm0UMY", "created_at": "2026-03-19T13:10:42.908Z", "expires_at": "2026-03-20T13:10:42Z"}}, {"model": "token_blacklist.outstandingtoken", "pk": 28, "fields": {"user": null, "jti": "68c30ef625be4ac3af4f55a775769bae", "token": "eyJhbGciOiJIUzI1NiIsInR5cCI6IkpXVCJ9.eyJ0b2tlbl90eXBlIjoicmVmcmVzaCIsImV4cCI6MTc3NDAxOTc5NywiaWF0IjoxNzczOTMzMzk3LCJqdGkiOiI2OGMzMGVmNjI1YmU0YWMzYWY0ZjU1YTc3NTc2OWJhZSIsInVzZXJfaWQiOiIxMCJ9.EHPuixUXXqtf8nJUikxbQ80sb2qQf4ntiUJ5oLGm_6I", "created_at": "2026-03-19T15:16:37.296Z", "expires_at": "2026-03-20T15:16:37Z"}}, {"model": "token_blacklist.outstandingtoken", "pk": 29, "fields": {"user": null, "jti": "9a547bfa7aba4fd6a3b42f6644d07da3", "token": "eyJhbGciOiJIUzI1NiIsInR5cCI6IkpXVCJ9.eyJ0b2tlbl90eXBlIjoicmVmcmVzaCIsImV4cCI6MTc3NDAyMjI2NCwiaWF0IjoxNzczOTM1ODY0LCJqdGkiOiI5YTU0N2JmYTdhYmE0ZmQ2YTNiNDJmNjY0NGQwN2RhMyIsInVzZXJfaWQiOiIxMCJ9.hz3uQKhP9tz-Hx4fiD5hd59yjY5nx2rW3TCuZuJDcPQ", "created_at": "2026-03-19T15:57:44.147Z", "expires_at": "2026-03-20T15:57:44Z"}}, {"model": "token_blacklist.outstandingtoken", "pk": 30, "fields": {"user": null, "jti": "e8ab965ad7c141f9b799df82d14d8c35", "token": "eyJhbGciOiJIUzI1NiIsInR5cCI6IkpXVCJ9.eyJ0b2tlbl90eXBlIjoicmVmcmVzaCIsImV4cCI6MTc3NDAyMzYxOCwiaWF0IjoxNzczOTM3MjE4LCJqdGkiOiJlOGFiOTY1YWQ3YzE0MWY5Yjc5OWRmODJkMTRkOGMzNSIsInVzZXJfaWQiOiIxMCJ9.Er3Kx0MbnUOvOnitjD94kQsNr2p6hxCth9_o34ydt04", "created_at": "2026-03-19T16:20:18.065Z", "expires_at": "2026-03-20T16:20:18Z"}}, {"model": "token_blacklist.outstandingtoken", "pk": 31, "fields": {"user": null, "jti": "6962ae993c0e4341ba7383514484d4a1", "token": "eyJhbGciOiJIUzI1NiIsInR5cCI6IkpXVCJ9.eyJ0b2tlbl90eXBlIjoicmVmcmVzaCIsImV4cCI6MTc3NDAyNDEyMywiaWF0IjoxNzczOTM3NzIzLCJqdGkiOiI2OTYyYWU5OTNjMGU0MzQxYmE3MzgzNTE0NDg0ZDRhMSIsInVzZXJfaWQiOiIxMCJ9.sM2Wl3aZOR9GF3cahwKLsL7hUHEeroi7h2NvIATj4bs", "created_at": "2026-03-19T16:28:43.401Z", "expires_at": "2026-03-20T16:28:43Z"}}, {"model": "token_blacklist.outstandingtoken", "pk": 32, "fields": {"user": null, "jti": "5491c5c03eb14c46b22b790a5ff8ec10", "token": "eyJhbGciOiJIUzI1NiIsInR5cCI6IkpXVCJ9.eyJ0b2tlbl90eXBlIjoicmVmcmVzaCIsImV4cCI6MTc3NDA0MDc4OSwiaWF0IjoxNzczOTU0Mzg5LCJqdGkiOiI1NDkxYzVjMDNlYjE0YzQ2YjIyYjc5MGE1ZmY4ZWMxMCIsInVzZXJfaWQiOiIxMCJ9.kHCKz_JX8QuxIsLNor9o45jaLgZfFogj8DGTJypvDfo", "created_at": "2026-03-19T21:06:29.898Z", "expires_at": "2026-03-20T21:06:29Z"}}, {"model": "token_blacklist.outstandingtoken", "pk": 33, "fields": {"user": null, "jti": "a20842ea0095440d9176278b9d81b8d3", "token": "eyJhbGciOiJIUzI1NiIsInR5cCI6IkpXVCJ9.eyJ0b2tlbl90eXBlIjoicmVmcmVzaCIsImV4cCI6MTc3NDA0MjM1OCwiaWF0IjoxNzczOTU1OTU4LCJqdGkiOiJhMjA4NDJlYTAwOTU0NDBkOTE3NjI3OGI5ZDgxYjhkMyIsInVzZXJfaWQiOiI5In0.Bu90MAnrTmN1LVDb5wOh1xjJnn6Plq7-QVDYqMZNAPU", "created_at": "2026-03-19T21:32:38.282Z", "expires_at": "2026-03-20T21:32:38Z"}}, {"model": "token_blacklist.outstandingtoken", "pk": 34, "fields": {"user": null, "jti": "ed362c2bd9824f30937132939208079b", "token": "eyJhbGciOiJIUzI1NiIsInR5cCI6IkpXVCJ9.eyJ0b2tlbl90eXBlIjoicmVmcmVzaCIsImV4cCI6MTc3NDcyMTc3MCwiaWF0IjoxNzc0NjM1MzcwLCJqdGkiOiJlZDM2MmMyYmQ5ODI0ZjMwOTM3MTMyOTM5MjA4MDc5YiIsInVzZXJfaWQiOiIxMCJ9.pEDkhPQZ-B2otywjVmTkKpF1k6AwOBbOi1uuK_JT8iE", "created_at": "2026-03-27T18:16:10.812Z", "expires_at": "2026-03-28T18:16:10Z"}}, {"model": "token_blacklist.outstandingtoken", "pk": 35, "fields": {"user": null, "jti": "7c0363394a2648919c53d759ef6b5466", "token": "eyJhbGciOiJIUzI1NiIsInR5cCI6IkpXVCJ9.eyJ0b2tlbl90eXBlIjoicmVmcmVzaCIsImV4cCI6MTc3NDcyMjk4NywiaWF0IjoxNzc0NjM2NTg3LCJqdGkiOiI3YzAzNjMzOTRhMjY0ODkxOWM1M2Q3NTllZjZiNTQ2NiIsInVzZXJfaWQiOiIxMCJ9.C3G_DErqT6uVHlT_znXkLfBdX-VxE3wxFJIVHHTMpg4", "created_at": "2026-03-27T18:36:27.774Z", "expires_at": "2026-03-28T18:36:27Z"}}, {"model": "token_blacklist.outstandingtoken", "pk": 36, "fields": {"user": null, "jti": "2d8304c2120a40219b10861c9be4a55f", "token": "eyJhbGciOiJIUzI1NiIsInR5cCI6IkpXVCJ9.eyJ0b2tlbl90eXBlIjoicmVmcmVzaCIsImV4cCI6MTc3NDgxNjM4MCwiaWF0IjoxNzc0NzI5OTgwLCJqdGkiOiIyZDgzMDRjMjEyMGE0MDIxOWIxMDg2MWM5YmU0YTU1ZiIsInVzZXJfaWQiOiIxMCJ9.XNdaZoTwIBtUuMUJR6nOIeM-gcOFi0bvWSLxn1duuwA", "created_at": "2026-03-28T20:33:00.431Z", "expires_at": "2026-03-29T20:33:00Z"}}, {"model": "token_blacklist.outstandingtoken", "pk": 37, "fields": {"user": 12, "jti": "b5f483b35046490baa39f3e3b7cdc20d", "token": "eyJhbGciOiJIUzI1NiIsInR5cCI6IkpXVCJ9.eyJ0b2tlbl90eXBlIjoicmVmcmVzaCIsImV4cCI6MTc3NTA4NTQ3NSwiaWF0IjoxNzc0OTk5MDc1LCJqdGkiOiJiNWY0ODNiMzUwNDY0OTBiYWEzOWYzZTNiN2NkYzIwZCIsInVzZXJfaWQiOiIxMiJ9.C8J-FGZwZeu3NWYMnARV6LP_7BLcy_kKpffv1mFPSSY", "created_at": "2026-03-31T23:17:55.993Z", "expires_at": "2026-04-01T23:17:55Z"}}, {"model": "token_blacklist.outstandingtoken", "pk": 38, "fields": {"user": 12, "jti": "87b799d46d9b489a8ab6f40c514387a8", "token": "eyJhbGciOiJIUzI1NiIsInR5cCI6IkpXVCJ9.eyJ0b2tlbl90eXBlIjoicmVmcmVzaCIsImV4cCI6MTc3NTA4NjQ2NywiaWF0IjoxNzc1MDAwMDY3LCJqdGkiOiI4N2I3OTlkNDZkOWI0ODlhOGFiNmY0MGM1MTQzODdhOCIsInVzZXJfaWQiOiIxMiJ9.dR_ac300PlQBZaJjzqfFtifu3oLsqgvr9sXGNkzBcsg", "created_at": "2026-03-31T23:34:27.012Z", "expires_at": "2026-04-01T23:34:27Z"}}, {"model": "token_blacklist.outstandingtoken", "pk": 39, "fields": {"user": 12, "jti": "6cfbb26344fd40afa9fdaca81c307c9f", "token": "eyJhbGciOiJIUzI1NiIsInR5cCI6IkpXVCJ9.eyJ0b2tlbl90eXBlIjoicmVmcmVzaCIsImV4cCI6MTc3NTA4Nzk1NywiaWF0IjoxNzc1MDAxNTU3LCJqdGkiOiI2Y2ZiYjI2MzQ0ZmQ0MGFmYTlmZGFjYTgxYzMwN2M5ZiIsInVzZXJfaWQiOiIxMiJ9.xP54emMSfyIZ_KMQ-xbobrlBVrcIbF1QF-jF0CJwBOE", "created_at": "2026-03-31T23:59:17.759Z", "expires_at": "2026-04-01T23:59:17Z"}}, {"model": "token_blacklist.outstandingtoken", "pk": 40, "fields": {"user": 12, "jti": "961c51b17cc64ce180511117757eb284", "token": "eyJhbGciOiJIUzI1NiIsInR5cCI6IkpXVCJ9.eyJ0b2tlbl90eXBlIjoicmVmcmVzaCIsImV4cCI6MTc3NTA4OTUzOCwiaWF0IjoxNzc1MDAzMTM4LCJqdGkiOiI5NjFjNTFiMTdjYzY0Y2UxODA1MTExMTc3NTdlYjI4NCIsInVzZXJfaWQiOiIxMiJ9.MUfa6OANpbrLJWPwW5Ki4jSCNl2JLT-sPPGZjp0PSNM", "created_at": "2026-04-01T00:25:38.714Z", "expires_at": "2026-04-02T00:25:38Z"}}, {"model": "token_blacklist.outstandingtoken", "pk": 41, "fields": {"user": 12, "jti": "c7754c0abd184d6f913b981333f31d90", "token": "eyJhbGciOiJIUzI1NiIsInR5cCI6IkpXVCJ9.eyJ0b2tlbl90eXBlIjoicmVmcmVzaCIsImV4cCI6MTc3NTA5MDgxNywiaWF0IjoxNzc1MDA0NDE3LCJqdGkiOiJjNzc1NGMwYWJkMTg0ZDZmOTEzYjk4MTMzM2YzMWQ5MCIsInVzZXJfaWQiOiIxMiJ9.aBz7GtkaWES_v1lF-0a-PmKsmrn2zf5ocVgLTH3KIBE", "created_at": "2026-04-01T00:46:57.148Z", "expires_at": "2026-04-02T00:46:57Z"}}, {"model": "token_blacklist.outstandingtoken", "pk": 42, "fields": {"user": 12, "jti": "91b4338d377b4d6980b18a78a70ca0a9", "token": "eyJhbGciOiJIUzI1NiIsInR5cCI6IkpXVCJ9.eyJ0b2tlbl90eXBlIjoicmVmcmVzaCIsImV4cCI6MTc3NTE2MDcyNCwiaWF0IjoxNzc1MDc0MzI0LCJqdGkiOiI5MWI0MzM4ZDM3N2I0ZDY5ODBiMThhNzhhNzBjYTBhOSIsInVzZXJfaWQiOiIxMiJ9.bLy7wttCNSKrBxKp0UyIbN7Vey5bnG6wAUyUwmo3zOM", "created_at": "2026-04-01T20:12:04.392Z", "expires_at": "2026-04-02T20:12:04Z"}}, {"model": "token_blacklist.outstandingtoken", "pk": 43, "fields": {"user": 12, "jti": "ef51aa05c4ae440a940e1d6c58d30022", "token": "eyJhbGciOiJIUzI1NiIsInR5cCI6IkpXVCJ9.eyJ0b2tlbl90eXBlIjoicmVmcmVzaCIsImV4cCI6MTc3NTE2NTExMCwiaWF0IjoxNzc1MDc4NzEwLCJqdGkiOiJlZjUxYWEwNWM0YWU0NDBhOTQwZTFkNmM1OGQzMDAyMiIsInVzZXJfaWQiOiIxMiJ9.9s8X0izpGckF9Ih1x446xaI0a-QbC13XvwPdmr7xla4", "created_at": "2026-04-01T21:25:10.504Z", "expires_at": "2026-04-02T21:25:10Z"}}, {"model": "token_blacklist.outstandingtoken", "pk": 44, "fields": {"user": 12, "jti": "377d21e2c0a34c1388a38f96ea659bf7", "token": "eyJhbGciOiJIUzI1NiIsInR5cCI6IkpXVCJ9.eyJ0b2tlbl90eXBlIjoicmVmcmVzaCIsImV4cCI6MTc3NTE2NzA4NiwiaWF0IjoxNzc1MDgwNjg2LCJqdGkiOiIzNzdkMjFlMmMwYTM0YzEzODhhMzhmOTZlYTY1OWJmNyIsInVzZXJfaWQiOiIxMiJ9.9odFhZM6bLf_37ETJR-6g4Ko0Uwe4VP0XcQkIvDvIuY", "created_at": "2026-04-01T21:58:06.311Z", "expires_at": "2026-04-02T21:58:06Z"}}, {"model": "token_blacklist.outstandingtoken", "pk": 45, "fields": {"user": 12, "jti": "157f21d2d4bf4892823cb39259f3b2bf", "token": "eyJhbGciOiJIUzI1NiIsInR5cCI6IkpXVCJ9.eyJ0b2tlbl90eXBlIjoicmVmcmVzaCIsImV4cCI6MTc3NTE2ODczNSwiaWF0IjoxNzc1MDgyMzM1LCJqdGkiOiIxNTdmMjFkMmQ0YmY0ODkyODIzY2IzOTI1OWYzYjJiZiIsInVzZXJfaWQiOiIxMiJ9.07hUSbw3IQcxEXgOZZRvpBWm4Vy4be5RR3qY6f2texU", "created_at": "2026-04-01T22:25:35.135Z", "expires_at": "2026-04-02T22:25:35Z"}}, {"model": "token_blacklist.outstandingtoken", "pk": 46, "fields": {"user": 12, "jti": "8a6f006f50bd423988d67ce327e42173", "token": "eyJhbGciOiJIUzI1NiIsInR5cCI6IkpXVCJ9.eyJ0b2tlbl90eXBlIjoicmVmcmVzaCIsImV4cCI6MTc3NTE3MTQ5OCwiaWF0IjoxNzc1MDg1MDk4LCJqdGkiOiI4YTZmMDA2ZjUwYmQ0MjM5ODhkNjdjZTMyN2U0MjE3MyIsInVzZXJfaWQiOiIxMiJ9.qR-obBuLXXkCdgU-6MpHu8_qWqwJmRHZdigR5t91XeA", "created_at": "2026-04-01T23:11:38.245Z", "expires_at": "2026-04-02T23:11:38Z"}}, {"model": "token_blacklist.outstandingtoken", "pk": 47, "fields": {"user": 12, "jti": "926e6b16bcee4c26a59963edb8c74ebe", "token": "eyJhbGciOiJIUzI1NiIsInR5cCI6IkpXVCJ9.eyJ0b2tlbl90eXBlIjoicmVmcmVzaCIsImV4cCI6MTc3NTE3Mjc4MywiaWF0IjoxNzc1MDg2MzgzLCJqdGkiOiI5MjZlNmIxNmJjZWU0YzI2YTU5OTYzZWRiOGM3NGViZSIsInVzZXJfaWQiOiIxMiJ9.bceGb0qjnCUk21KIxOmCKohA3wp4woPz3KnIYoWa19c", "created_at": "2026-04-01T23:33:03.358Z", "expires_at": "2026-04-02T23:33:03Z"}}, {"model": "token_blacklist.outstandingtoken", "pk": 48, "fields": {"user": 12, "jti": "e7c8146d11c44112bb13da0023c62433", "token": "eyJhbGciOiJIUzI1NiIsInR5cCI6IkpXVCJ9.eyJ0b2tlbl90eXBlIjoicmVmcmVzaCIsImV4cCI6MTc3NTIyNDYwNiwiaWF0IjoxNzc1MTM4MjA2LCJqdGkiOiJlN2M4MTQ2ZDExYzQ0MTEyYmIxM2RhMDAyM2M2MjQzMyIsInVzZXJfaWQiOiIxMiJ9.IPKGgp0217Zakge4QxJGtwxV-ZmWM_H0WSADeKc6p1M", "created_at": "2026-04-02T13:56:46.658Z", "expires_at": "2026-04-03T13:56:46Z"}}, {"model": "token_blacklist.outstandingtoken", "pk": 49, "fields": {"user": 12, "jti": "f5cb47ef3923472999c7c6f0b49145e3", "token": "eyJhbGciOiJIUzI1NiIsInR5cCI6IkpXVCJ9.eyJ0b2tlbl90eXBlIjoicmVmcmVzaCIsImV4cCI6MTc3NTIyNTE2NSwiaWF0IjoxNzc1MTM4NzY1LCJqdGkiOiJmNWNiNDdlZjM5MjM0NzI5OTljN2M2ZjBiNDkxNDVlMyIsInVzZXJfaWQiOiIxMiJ9.BfW0eVVb3MdPb9NB6mUZM6ak5N8tYyIQKfiRK6dzPEU", "created_at": "2026-04-02T14:06:05.217Z", "expires_at": "2026-04-03T14:06:05Z"}}, {"model": "token_blacklist.outstandingtoken", "pk": 50, "fields": {"user": 12, "jti": "357ba962a86a4275a2affc2e05dddb74", "token": "eyJhbGciOiJIUzI1NiIsInR5cCI6IkpXVCJ9.eyJ0b2tlbl90eXBlIjoicmVmcmVzaCIsImV4cCI6MTc3NTIyNjUxNCwiaWF0IjoxNzc1MTQwMTE0LCJqdGkiOiIzNTdiYTk2MmE4NmE0Mjc1YTJhZmZjMmUwNWRkZGI3NCIsInVzZXJfaWQiOiIxMiJ9.UoNGLo3LV_aCW9USLDOm85QBySEhl61N1v9m4YReHDc", "created_at": "2026-04-02T14:28:34.425Z", "expires_at": "2026-04-03T14:28:34Z"}}, {"model": "token_blacklist.outstandingtoken", "pk": 51, "fields": {"user": 12, "jti": "8a98ab59081a4b9e8deaece745ffdcd6", "token": "eyJhbGciOiJIUzI1NiIsInR5cCI6IkpXVCJ9.eyJ0b2tlbl90eXBlIjoicmVmcmVzaCIsImV4cCI6MTc3NTIyNzU3NCwiaWF0IjoxNzc1MTQxMTc0LCJqdGkiOiI4YTk4YWI1OTA4MWE0YjllOGRlYWVjZTc0NWZmZGNkNiIsInVzZXJfaWQiOiIxMiJ9.bHjVZf6zEG9nzVk-R91d4I7lZmFpTRivgVErzDtIw4k", "created_at": "2026-04-02T14:46:14.922Z", "expires_at": "2026-04-03T14:46:14Z"}}, {"model": "token_blacklist.outstandingtoken", "pk": 52, "fields": {"user": 12, "jti": "edcce325835a474081044adc0e220a56", "token": "eyJhbGciOiJIUzI1NiIsInR5cCI6IkpXVCJ9.eyJ0b2tlbl90eXBlIjoicmVmcmVzaCIsImV4cCI6MTc3NTI1NjY4OSwiaWF0IjoxNzc1MTcwMjg5LCJqdGkiOiJlZGNjZTMyNTgzNWE0NzQwODEwNDRhZGMwZTIyMGE1NiIsInVzZXJfaWQiOiIxMiJ9.Eg7Bu7bzkotmBLa3dUnu0lrWWqfqwTmkZNt4hfk05Ys", "created_at": "2026-04-02T22:51:29.592Z", "expires_at": "2026-04-03T22:51:29Z"}}, {"model": "token_blacklist.outstandingtoken", "pk": 53, "fields": {"user": 12, "jti": "b2940357cf4f467c86eef4bf6241c31e", "token": "eyJhbGciOiJIUzI1NiIsInR5cCI6IkpXVCJ9.eyJ0b2tlbl90eXBlIjoicmVmcmVzaCIsImV4cCI6MTc3NTI1NzUyNiwiaWF0IjoxNzc1MTcxMTI2LCJqdGkiOiJiMjk0MDM1N2NmNGY0NjdjODZlZWY0YmY2MjQxYzMxZSIsInVzZXJfaWQiOiIxMiJ9.VRq2iCt66K7xMsH1_A5sKbj2YGx6vz7SByHa83GOviQ", "created_at": "2026-04-02T23:05:26.581Z", "expires_at": "2026-04-03T23:05:26Z"}}, {"model": "token_blacklist.outstandingtoken", "pk": 54, "fields": {"user": 12, "jti": "ab2fac8a1dc44570a5039533815fa5ac", "token": "eyJhbGciOiJIUzI1NiIsInR5cCI6IkpXVCJ9.eyJ0b2tlbl90eXBlIjoicmVmcmVzaCIsImV4cCI6MTc3NTI1ODA4NywiaWF0IjoxNzc1MTcxNjg3LCJqdGkiOiJhYjJmYWM4YTFkYzQ0NTcwYTUwMzk1MzM4MTVmYTVhYyIsInVzZXJfaWQiOiIxMiJ9.DzZP3mmL3MAuScyXmEqYyHWqCL_noqCcO3EvOK9YzzQ", "created_at": "2026-04-02T23:14:47.740Z", "expires_at": "2026-04-03T23:14:47Z"}}, {"model": "token_blacklist.outstandingtoken", "pk": 55, "fields": {"user": 12, "jti": "8dc504f50d954539a7aeb771fa00dd4f", "token": "eyJhbGciOiJIUzI1NiIsInR5cCI6IkpXVCJ9.eyJ0b2tlbl90eXBlIjoicmVmcmVzaCIsImV4cCI6MTc3NTI1ODY3MiwiaWF0IjoxNzc1MTcyMjcyLCJqdGkiOiI4ZGM1MDRmNTBkOTU0NTM5YTdhZWI3NzFmYTAwZGQ0ZiIsInVzZXJfaWQiOiIxMiJ9.9d6VfiduzdGKLeir9sZ6QJYES2kqzyl6PZD-Hk2prNY", "created_at": "2026-04-02T23:24:32.210Z", "expires_at": "2026-04-03T23:24:32Z"}}, {"model": "token_blacklist.outstandingtoken", "pk": 56, "fields": {"user": 12, "jti": "b34dfd5530a04a80b78a9efe17171cec", "token": "eyJhbGciOiJIUzI1NiIsInR5cCI6IkpXVCJ9.eyJ0b2tlbl90eXBlIjoicmVmcmVzaCIsImV4cCI6MTc3NTI1OTE0OCwiaWF0IjoxNzc1MTcyNzQ4LCJqdGkiOiJiMzRkZmQ1NTMwYTA0YTgwYjc4YTllZmUxNzE3MWNlYyIsInVzZXJfaWQiOiIxMiJ9.hmCLjfFbhzhzWo54GT9Ameat7yK9Xe8srHlJ4x0hGUU", "created_at": "2026-04-02T23:32:28.398Z", "expires_at": "2026-04-03T23:32:28Z"}}, {"model": "token_blacklist.outstandingtoken", "pk": 57, "fields": {"user": 12, "jti": "81fc6eac402f489295b64366306a1875", "token": "eyJhbGciOiJIUzI1NiIsInR5cCI6IkpXVCJ9.eyJ0b2tlbl90eXBlIjoicmVmcmVzaCIsImV4cCI6MTc3NTMyODA4NiwiaWF0IjoxNzc1MjQxNjg2LCJqdGkiOiI4MWZjNmVhYzQwMmY0ODkyOTViNjQzNjYzMDZhMTg3NSIsInVzZXJfaWQiOiIxMiJ9.MD2w7fzooWJ3B35OJpWYD-ztn1-UvZJVri5uuII7lKs", "created_at": "2026-04-03T18:41:26.204Z", "expires_at": "2026-04-04T18:41:26Z"}}, {"model": "token_blacklist.outstandingtoken", "pk": 58, "fields": {"user": 17, "jti": "e7be280d5db54252b74c038f8a043c28", "token": "eyJhbGciOiJIUzI1NiIsInR5cCI6IkpXVCJ9.eyJ0b2tlbl90eXBlIjoicmVmcmVzaCIsImV4cCI6MTc3NTMzODMwNCwiaWF0IjoxNzc1MjUxOTA0LCJqdGkiOiJlN2JlMjgwZDVkYjU0MjUyYjc0YzAzOGY4YTA0M2MyOCIsInVzZXJfaWQiOiIxNyJ9.O3weCXFZaCn4s5Vcv7pqis6KfABvDWEc7wIFi0zfkYs", "created_at": "2026-04-03T21:31:44.669Z", "expires_at": "2026-04-04T21:31:44Z"}}, {"model": "token_blacklist.outstandingtoken", "pk": 59, "fields": {"user": 17, "jti": "670d8bd9c0294748a26f6312d1666946", "token": "eyJhbGciOiJIUzI1NiIsInR5cCI6IkpXVCJ9.eyJ0b2tlbl90eXBlIjoicmVmcmVzaCIsImV4cCI6MTc3NTMzOTgwNywiaWF0IjoxNzc1MjUzNDA3LCJqdGkiOiI2NzBkOGJkOWMwMjk0NzQ4YTI2ZjYzMTJkMTY2Njk0NiIsInVzZXJfaWQiOiIxNyJ9.jMKY1sB0j07qsjdeNWjhg7njOpCt8yF4VLuFzJp5jeI", "created_at": "2026-04-03T21:56:47.392Z", "expires_at": "2026-04-04T21:56:47Z"}}, {"model": "token_blacklist.outstandingtoken", "pk": 60, "fields": {"user": 17, "jti": "921beba4f584404fa94d955cc633bb1c", "token": "eyJhbGciOiJIUzI1NiIsInR5cCI6IkpXVCJ9.eyJ0b2tlbl90eXBlIjoicmVmcmVzaCIsImV4cCI6MTc3NTM0MDIxNiwiaWF0IjoxNzc1MjUzODE2LCJqdGkiOiI5MjFiZWJhNGY1ODQ0MDRmYTk0ZDk1NWNjNjMzYmIxYyIsInVzZXJfaWQiOiIxNyJ9.Nsu2aFPvmHENK3kCj3152hPvK2jXHi5WcO3MvtDO-gs", "created_at": "2026-04-03T22:03:36.092Z", "expires_at": "2026-04-04T22:03:36Z"}}, {"model": "token_blacklist.outstandingtoken", "pk": 61, "fields": {"user": 12, "jti": "47e7f4fb3e3e442db85f1d82b1330ebd", "token": "eyJhbGciOiJIUzI1NiIsInR5cCI6IkpXVCJ9.eyJ0b2tlbl90eXBlIjoicmVmcmVzaCIsImV4cCI6MTc3NTM0MDk0MiwiaWF0IjoxNzc1MjU0NTQyLCJqdGkiOiI0N2U3ZjRmYjNlM2U0NDJkYjg1ZjFkODJiMTMzMGViZCIsInVzZXJfaWQiOiIxMiJ9.6-zL2oiQYqcR1f-lh5y2G-TMb0p7k53yu5SUP9_IQo0", "created_at": "2026-04-03T22:15:42.626Z", "expires_at": "2026-04-04T22:15:42Z"}}, {"model": "token_blacklist.outstandingtoken", "pk": 62, "fields": {"user": 17, "jti": "a0c65124bb324e18bcf43d48c4925b6e", "token": "eyJhbGciOiJIUzI1NiIsInR5cCI6IkpXVCJ9.eyJ0b2tlbl90eXBlIjoicmVmcmVzaCIsImV4cCI6MTc3NTM0NDE0NiwiaWF0IjoxNzc1MjU3NzQ2LCJqdGkiOiJhMGM2NTEyNGJiMzI0ZTE4YmNmNDNkNDhjNDkyNWI2ZSIsInVzZXJfaWQiOiIxNyJ9.vBJQVodjecI_A8QsJpyDZSaL_bUloFah5LEVcwjHyXw", "created_at": "2026-04-03T23:09:06.546Z", "expires_at": "2026-04-04T23:09:06Z"}}, {"model": "token_blacklist.outstandingtoken", "pk": 63, "fields": {"user": 17, "jti": "f38396c1ecfd430d82c6c5e4de623e96", "token": "eyJhbGciOiJIUzI1NiIsInR5cCI6IkpXVCJ9.eyJ0b2tlbl90eXBlIjoicmVmcmVzaCIsImV4cCI6MTc3NTM0NTQ5MywiaWF0IjoxNzc1MjU5MDkzLCJqdGkiOiJmMzgzOTZjMWVjZmQ0MzBkODJjNmM1ZTRkZTYyM2U5NiIsInVzZXJfaWQiOiIxNyJ9.cPoZ3zVbQTmyP6hMmJ2WNjO6SMLVFz7KkgrIxudBo1E", "created_at": "2026-04-03T23:31:33.058Z", "expires_at": "2026-04-04T23:31:33Z"}}, {"model": "token_blacklist.outstandingtoken", "pk": 64, "fields": {"user": 17, "jti": "aca9b7d9dcf840719820149e2aadad28", "token": "eyJhbGciOiJIUzI1NiIsInR5cCI6IkpXVCJ9.eyJ0b2tlbl90eXBlIjoicmVmcmVzaCIsImV4cCI6MTc3NTM0NTc5NywiaWF0IjoxNzc1MjU5Mzk3LCJqdGkiOiJhY2E5YjdkOWRjZjg0MDcxOTgyMDE0OWUyYWFkYWQyOCIsInVzZXJfaWQiOiIxNyJ9.LkCNfA5CjpM0J1qA6L-UIaXwLhc7q-_u8xjY6pgigzg", "created_at": "2026-04-03T23:36:37.785Z", "expires_at": "2026-04-04T23:36:37Z"}}, {"model": "token_blacklist.outstandingtoken", "pk": 65, "fields": {"user": 17, "jti": "a0937a0f83564c23b7a7373088a5d1ce", "token": "eyJhbGciOiJIUzI1NiIsInR5cCI6IkpXVCJ9.eyJ0b2tlbl90eXBlIjoicmVmcmVzaCIsImV4cCI6MTc3NTM0NjA3NSwiaWF0IjoxNzc1MjU5Njc1LCJqdGkiOiJhMDkzN2EwZjgzNTY0YzIzYjdhNzM3MzA4OGE1ZDFjZSIsInVzZXJfaWQiOiIxNyJ9.0az8AFqUScGXKotthebpzYci5WUwZzzO2T8s-3JUdpk", "created_at": "2026-04-03T23:41:15.360Z", "expires_at": "2026-04-04T23:41:15Z"}}, {"model": "token_blacklist.outstandingtoken", "pk": 66, "fields": {"user": 17, "jti": "4f8907163ba049a3a962e32182032a58", "token": "eyJhbGciOiJIUzI1NiIsInR5cCI6IkpXVCJ9.eyJ0b2tlbl90eXBlIjoicmVmcmVzaCIsImV4cCI6MTc3NTM5MzA5OCwiaWF0IjoxNzc1MzA2Njk4LCJqdGkiOiI0Zjg5MDcxNjNiYTA0OWEzYTk2MmUzMjE4MjAzMmE1OCIsInVzZXJfaWQiOiIxNyJ9.z8OQRcJMJJrv0rorOjnSIwDIdwgDucPLPnQcaLehywc", "created_at": "2026-04-04T12:44:58.184Z", "expires_at": "2026-04-05T12:44:58Z"}}, {"model": "token_blacklist.outstandingtoken", "pk": 67, "fields": {"user": 17, "jti": "bc07385d770043c5baf340311009d8a2", "token": "eyJhbGciOiJIUzI1NiIsInR5cCI6IkpXVCJ9.eyJ0b2tlbl90eXBlIjoicmVmcmVzaCIsImV4cCI6MTc3NTM5MzYxMCwiaWF0IjoxNzc1MzA3MjEwLCJqdGkiOiJiYzA3Mzg1ZDc3MDA0M2M1YmFmMzQwMzExMDA5ZDhhMiIsInVzZXJfaWQiOiIxNyJ9.qw9cQdZ5x07L-bEBEjqa8o9vlciSjl9noi8EKm7_EVM", "created_at": "2026-04-04T12:53:30.344Z", "expires_at": "2026-04-05T12:53:30Z"}}, {"model": "token_blacklist.outstandingtoken", "pk": 68, "fields": {"user": 17, "jti": "19f075fdbc1a4787bf66b0a30f2a20bc", "token": "eyJhbGciOiJIUzI1NiIsInR5cCI6IkpXVCJ9.eyJ0b2tlbl90eXBlIjoicmVmcmVzaCIsImV4cCI6MTc3NTM5NjY5MSwiaWF0IjoxNzc1MzEwMjkxLCJqdGkiOiIxOWYwNzVmZGJjMWE0Nzg3YmY2NmIwYTMwZjJhMjBiYyIsInVzZXJfaWQiOiIxNyJ9.bhziENIcikCkvK5dig-7rYFlddaFHa_r6g5sTw7hd0I", "created_at": "2026-04-04T13:44:51.644Z", "expires_at": "2026-04-05T13:44:51Z"}}, {"model": "token_blacklist.outstandingtoken", "pk": 69, "fields": {"user": 17, "jti": "a15bb91147474f198be3693bcf2a6bee", "token": "eyJhbGciOiJIUzI1NiIsInR5cCI6IkpXVCJ9.eyJ0b2tlbl90eXBlIjoicmVmcmVzaCIsImV4cCI6MTc3NTM5NzE0MCwiaWF0IjoxNzc1MzEwNzQwLCJqdGkiOiJhMTViYjkxMTQ3NDc0ZjE5OGJlMzY5M2JjZjJhNmJlZSIsInVzZXJfaWQiOiIxNyJ9.3eTFzYPVPbQwiHjThUt0egefpsSmhgGwh-PeuBKDHoM", "created_at": "2026-04-04T13:52:20.895Z", "expires_at": "2026-04-05T13:52:20Z"}}, {"model": "token_blacklist.outstandingtoken", "pk": 70, "fields": {"user": 17, "jti": "837496fa63484976a6e747a5c9de5bdf", "token": "eyJhbGciOiJIUzI1NiIsInR5cCI6IkpXVCJ9.eyJ0b2tlbl90eXBlIjoicmVmcmVzaCIsImV4cCI6MTc3NTM5NzQ1MSwiaWF0IjoxNzc1MzExMDUxLCJqdGkiOiI4Mzc0OTZmYTYzNDg0OTc2YTZlNzQ3YTVjOWRlNWJkZiIsInVzZXJfaWQiOiIxNyJ9.PixfBwD65340cubxbtfIek5z6R3WLV8sY1KnrFEMqqc", "created_at": "2026-04-04T13:57:31.644Z", "expires_at": "2026-04-05T13:57:31Z"}}, {"model": "token_blacklist.outstandingtoken", "pk": 71, "fields": {"user": 17, "jti": "b9981148bbd04c95b67fea64af5302d0", "token": "eyJhbGciOiJIUzI1NiIsInR5cCI6IkpXVCJ9.eyJ0b2tlbl90eXBlIjoicmVmcmVzaCIsImV4cCI6MTc3NTM5NzczMiwiaWF0IjoxNzc1MzExMzMyLCJqdGkiOiJiOTk4MTE0OGJiZDA0Yzk1YjY3ZmVhNjRhZjUzMDJkMCIsInVzZXJfaWQiOiIxNyJ9.6p02QvViQSvX0vDvyKS1iPp3rjgOAht4y_EC3uL1-Lk", "created_at": "2026-04-04T14:02:12.139Z", "expires_at": "2026-04-05T14:02:12Z"}}, {"model": "token_blacklist.outstandingtoken", "pk": 72, "fields": {"user": null, "jti": "c16b5fc808dd4467944632a793fc11c2", "token": "eyJhbGciOiJIUzI1NiIsInR5cCI6IkpXVCJ9.eyJ0b2tlbl90eXBlIjoicmVmcmVzaCIsImV4cCI6MTc3NTQzMTk5NywiaWF0IjoxNzc1MzQ1NTk3LCJqdGkiOiJjMTZiNWZjODA4ZGQ0NDY3OTQ0NjMyYTc5M2ZjMTFjMiIsInVzZXJfaWQiOiIxOCJ9.2eorHRv6rtbm_eG7acRJ4SS696b03DYBt1fd5VqTzSA", "created_at": "2026-04-04T23:33:17.592Z", "expires_at": "2026-04-05T23:33:17Z"}}, {"model": "token_blacklist.outstandingtoken", "pk": 73, "fields": {"user": 12, "jti": "d1b3a097d2ca479eba2dc5d2b0750967", "token": "eyJhbGciOiJIUzI1NiIsInR5cCI6IkpXVCJ9.eyJ0b2tlbl90eXBlIjoicmVmcmVzaCIsImV4cCI6MTc3NTg2NzE5OSwiaWF0IjoxNzc1NzgwNzk5LCJqdGkiOiJkMWIzYTA5N2QyY2E0NzllYmEyZGM1ZDJiMDc1MDk2NyIsInVzZXJfaWQiOiIxMiJ9.zIC9Zgmzt6kFdMMx83rtHVQ-VTxpNCVpAh2BOWHOZrc", "created_at": "2026-04-10T00:26:39.846Z", "expires_at": "2026-04-11T00:26:39Z"}}, {"model": "token_blacklist.outstandingtoken", "pk": 74, "fields": {"user": 12, "jti": "2f9e48af346b4018b494f8799b3e15aa", "token": "eyJhbGciOiJIUzI1NiIsInR5cCI6IkpXVCJ9.eyJ0b2tlbl90eXBlIjoicmVmcmVzaCIsImV4cCI6MTc3NTg2ODI0MiwiaWF0IjoxNzc1NzgxODQyLCJqdGkiOiIyZjllNDhhZjM0NmI0MDE4YjQ5NGY4Nzk5YjNlMTVhYSIsInVzZXJfaWQiOiIxMiJ9.aLrdWzOD8VaREj9BvkRp8WSOQzPim3PgdHamQPyeIJI", "created_at": "2026-04-10T00:44:02.618Z", "expires_at": "2026-04-11T00:44:02Z"}}, {"model": "token_blacklist.outstandingtoken", "pk": 75, "fields": {"user": 17, "jti": "075c53db82744816aec72e799f3c28e6", "token": "eyJhbGciOiJIUzI1NiIsInR5cCI6IkpXVCJ9.eyJ0b2tlbl90eXBlIjoicmVmcmVzaCIsImV4cCI6MTc3NTg2ODMzNywiaWF0IjoxNzc1NzgxOTM3LCJqdGkiOiIwNzVjNTNkYjgyNzQ0ODE2YWVjNzJlNzk5ZjNjMjhlNiIsInVzZXJfaWQiOiIxNyJ9.iTy2ziUmBOCdaevjNFFBp2VIvKYyONzvZr9zzJnV9m8", "created_at": "2026-04-10T00:45:37.910Z", "expires_at": "2026-04-11T00:45:37Z"}}, {"model": "token_blacklist.outstandingtoken", "pk": 76, "fields": {"user": 18, "jti": "de62f641379c431ca60a78709ac16528", "token": "eyJhbGciOiJIUzI1NiIsInR5cCI6IkpXVCJ9.eyJ0b2tlbl90eXBlIjoicmVmcmVzaCIsImV4cCI6MTc3NTkxMTA3NCwiaWF0IjoxNzc1ODI0Njc0LCJqdGkiOiJkZTYyZjY0MTM3OWM0MzFjYTYwYTc4NzA5YWMxNjUyOCIsInVzZXJfaWQiOiIxOCJ9.OKXZpDm0MDDGmP1I82T5TKBQ5eH5f7j6cA1EXYoVi1w", "created_at": "2026-04-10T12:37:54.787Z", "expires_at": "2026-04-11T12:37:54Z"}}, {"model": "token_blacklist.outstandingtoken", "pk": 77, "fields": {"user": 12, "jti": "bc7f3802226c44afb50a8a3a35616fca", "token": "eyJhbGciOiJIUzI1NiIsInR5cCI6IkpXVCJ9.eyJ0b2tlbl90eXBlIjoicmVmcmVzaCIsImV4cCI6MTc3NTk0NTY3MiwiaWF0IjoxNzc1ODU5MjcyLCJqdGkiOiJiYzdmMzgwMjIyNmM0NGFmYjUwYThhM2EzNTYxNmZjYSIsInVzZXJfaWQiOiIxMiJ9.UN9V3DcbXnuqOu0Tmp1KVsxJeyWcNy6iWDjvGMDsZUQ", "created_at": "2026-04-10T22:14:32.248Z", "expires_at": "2026-04-11T22:14:32Z"}}, {"model": "token_blacklist.outstandingtoken", "pk": 78, "fields": {"user": 12, "jti": "b995cb8723a44608b711e0574f8df11b", "token": "eyJhbGciOiJIUzI1NiIsInR5cCI6IkpXVCJ9.eyJ0b2tlbl90eXBlIjoicmVmcmVzaCIsImV4cCI6MTc3NTk0NzUxOSwiaWF0IjoxNzc1ODYxMTE5LCJqdGkiOiJiOTk1Y2I4NzIzYTQ0NjA4YjcxMWUwNTc0ZjhkZjExYiIsInVzZXJfaWQiOiIxMiJ9.I6HXt9t4ib_OHtd4q8pLKPg0Fls0SafWj1GQuUy1qfM", "created_at": "2026-04-10T22:45:19.791Z", "expires_at": "2026-04-11T22:45:19Z"}}, {"model": "token_blacklist.outstandingtoken", "pk": 79, "fields": {"user": 18, "jti": "01b66f5654404143a5806827db342e64", "token": "eyJhbGciOiJIUzI1NiIsInR5cCI6IkpXVCJ9.eyJ0b2tlbl90eXBlIjoicmVmcmVzaCIsImV4cCI6MTc3NTk0NzY3NywiaWF0IjoxNzc1ODYxMjc3LCJqdGkiOiIwMWI2NmY1NjU0NDA0MTQzYTU4MDY4MjdkYjM0MmU2NCIsInVzZXJfaWQiOiIxOCJ9._purg4Dll0q7aTgvQdXTxB8KklQf1qY07cipYZYA860", "created_at": "2026-04-10T22:47:57.168Z", "expires_at": "2026-04-11T22:47:57Z"}}, {"model": "token_blacklist.outstandingtoken", "pk": 80, "fields": {"user": 18, "jti": "73f7a5b615014e69bbfd2d57b96738ae", "token": "eyJhbGciOiJIUzI1NiIsInR5cCI6IkpXVCJ9.eyJ0b2tlbl90eXBlIjoicmVmcmVzaCIsImV4cCI6MTc3NTk0Nzk4MSwiaWF0IjoxNzc1ODYxNTgxLCJqdGkiOiI3M2Y3YTViNjE1MDE0ZTY5YmJmZDJkNTdiOTY3MzhhZSIsInVzZXJfaWQiOiIxOCJ9.p35dLVwgDC2JWSGav681yHGJNaikHrZLlJNr71iFJpU", "created_at": "2026-04-10T22:53:01.841Z", "expires_at": "2026-04-11T22:53:01Z"}}, {"model": "token_blacklist.outstandingtoken", "pk": 81, "fields": {"user": 18, "jti": "89599b66f328439c97f093458fb83ae0", "token": "eyJhbGciOiJIUzI1NiIsInR5cCI6IkpXVCJ9.eyJ0b2tlbl90eXBlIjoicmVmcmVzaCIsImV4cCI6MTc3NTk0ODA1NCwiaWF0IjoxNzc1ODYxNjU0LCJqdGkiOiI4OTU5OWI2NmYzMjg0MzljOTdmMDkzNDU4ZmI4M2FlMCIsInVzZXJfaWQiOiIxOCJ9.DPOZ_W19nQWyynJoYRQHHvi60ws4jC3DMqBedOABNxo", "created_at": "2026-04-10T22:54:14.712Z", "expires_at": "2026-04-11T22:54:14Z"}}, {"model": "token_blacklist.outstandingtoken", "pk": 82, "fields": {"user": 18, "jti": "d3fe44aa4ddb4182bee2d12aa9897415", "token": "eyJhbGciOiJIUzI1NiIsInR5cCI6IkpXVCJ9.eyJ0b2tlbl90eXBlIjoicmVmcmVzaCIsImV4cCI6MTc3NTk0ODI0MCwiaWF0IjoxNzc1ODYxODQwLCJqdGkiOiJkM2ZlNDRhYTRkZGI0MTgyYmVlMmQxMmFhOTg5NzQxNSIsInVzZXJfaWQiOiIxOCJ9.tHppCgHPf06-wDxopAqHFR8l2TpiEVj92HrUnoOjdR0", "created_at": "2026-04-10T22:57:20.915Z", "expires_at": "2026-04-11T22:57:20Z"}}, {"model": "token_blacklist.blacklistedtoken", "pk": 1, "fields": {"token": 4, "blacklisted_at": "2026-03-10T02:41:31.451Z"}}]
